item_id,url
51134,https://prod-mv-user-files-upload.s3.eu-central-1.amazonaws.com/aa9e62e5-b5ea-4e29-91b1-ac2ee378a904/pinhole_200um_ALTERNATIVE.STEP?X-Amz-Algorithm=AWS4-HMAC-SHA256&X-Amz-Content-Sha256=UNSIGNED-PAYLOAD&X-Amz-Credential=AKIA3OVMNCEIG5ZSNPGG%2F20240426%2Feu-central-1%2Fs3%2Faws4_request&X-Amz-Date=20240426T144258Z&X-Amz-Expires=604800&X-Amz-Signature=5d53837d85676b7476ca848e4f71077c6851b018e3a5072766f2e2829ee7fd08&X-Amz-SignedHeaders=host&response-content-type=application%2Foctet-stream&x-id=GetObject
50173,https://prod-mv-user-files-upload.s3.eu-central-1.amazonaws.com/aa9e62e5-b5ea-4e29-91b1-ac2ee378a904/pinhole_200um_ALTERNATIVE.STEP?X-Amz-Algorithm=AWS4-HMAC-SHA256&X-Amz-Content-Sha256=UNSIGNED-PAYLOAD&X-Amz-Credential=AKIA3OVMNCEIG5ZSNPGG%2F20240426%2Feu-central-1%2Fs3%2Faws4_request&X-Amz-Date=20240426T144258Z&X-Amz-Expires=604800&X-Amz-Signature=5d53837d85676b7476ca848e4f71077c6851b018e3a5072766f2e2829ee7fd08&X-Amz-SignedHeaders=host&response-content-type=application%2Foctet-stream&x-id=GetObject
119410,https://prod-mv-user-files-upload.s3.eu-central-1.amazonaws.com/3ed294b3-537c-4a28-b743-296f0168b06a/3D_Printer_Parts_rev4_501_Pod_Gondula_rev4_.step?X-Amz-Algorithm=AWS4-HMAC-SHA256&X-Amz-Content-Sha256=UNSIGNED-PAYLOAD&X-Amz-Credential=AKIA3OVMNCEIG5ZSNPGG%2F20250328%2Feu-central-1%2Fs3%2Faws4_request&X-Amz-Date=20250328T140453Z&X-Amz-Expires=604800&X-Amz-Signature=d6ea54846abb9c63aa3196f4528ce933747883d5ae2db12e1e06a247d109d846&X-Amz-SignedHeaders=host&response-content-type=application%2Foctet-stream&x-id=GetObject
116251,https://prod-mv-user-files-upload.s3.eu-central-1.amazonaws.com/4032fbf3-6b8d-4c05-abf5-9916da249d38/CV016_001_02_Formbacke_IPT_50mm.stp?X-Amz-Algorithm=AWS4-HMAC-SHA256&X-Amz-Content-Sha256=UNSIGNED-PAYLOAD&X-Amz-Credential=AKIA3OVMNCEIG5ZSNPGG%2F20250327%2Feu-central-1%2Fs3%2Faws4_request&X-Amz-Date=20250327T175445Z&X-Amz-Expires=604800&X-Amz-Signature=1b9fbb534ca5b62ea29dc531191b31274fee2643a9159da9fc0690280fabc584&X-Amz-SignedHeaders=host&response-content-type=application%2Foctet-stream&x-id=GetObject
116252,https://prod-mv-user-files-upload.s3.eu-central-1.amazonaws.com/4db852f3-1000-45d5-9e16-8ab4cf836398/CV016_002_02_Formbacke_unten_IPT_50mm.stp?X-Amz-Algorithm=AWS4-HMAC-SHA256&X-Amz-Content-Sha256=UNSIGNED-PAYLOAD&X-Amz-Credential=AKIA3OVMNCEIG5ZSNPGG%2F20250327%2Feu-central-1%2Fs3%2Faws4_request&X-Amz-Date=20250327T175445Z&X-Amz-Expires=604800&X-Amz-Signature=d37f7eee65383a2f88fca8ec551425fa53505d88bedb8b0ad614f79f374b21f9&X-Amz-SignedHeaders=host&response-content-type=application%2Foctet-stream&x-id=GetObject
116253,https://prod-mv-user-files-upload.s3.eu-central-1.amazonaws.com/1d5089b9-10e2-42ed-927d-ac4396246cf2/CV016_006_02_Formbacke_IPT_50mm_mit_Steg.stp?X-Amz-Algorithm=AWS4-HMAC-SHA256&X-Amz-Content-Sha256=UNSIGNED-PAYLOAD&X-Amz-Credential=AKIA3OVMNCEIG5ZSNPGG%2F20250327%2Feu-central-1%2Fs3%2Faws4_request&X-Amz-Date=20250327T175445Z&X-Amz-Expires=604800&X-Amz-Signature=9f6056fc6a64db6047c072060ffb8fff2e04d5770f00001e4fc3676ea2c5540a&X-Amz-SignedHeaders=host&response-content-type=application%2Foctet-stream&x-id=GetObject
125520,https://prod-mv-user-files-upload.s3.eu-central-1.amazonaws.com/d9f9f8a1-641a-49c0-b6d7-13e4f8cbbed9/BGE_2_Bruecke_1.stp?X-Amz-Algorithm=AWS4-HMAC-SHA256&X-Amz-Content-Sha256=UNSIGNED-PAYLOAD&X-Amz-Credential=AKIA3OVMNCEIG5ZSNPGG%2F20250503%2Feu-central-1%2Fs3%2Faws4_request&X-Amz-Date=20250503T101926Z&X-Amz-Expires=604800&X-Amz-Signature=4c0deeb03cd2129f317b15e966c6620a12e54bf5d24d3d9acb60457f8b26f183&X-Amz-SignedHeaders=host&response-content-type=application%2Foctet-stream&x-id=GetObject
125521,https://prod-mv-user-files-upload.s3.eu-central-1.amazonaws.com/7446b67f-0a56-4de2-a418-50d5fa4ef0c0/BGE_2_Bruecke_2.stp?X-Amz-Algorithm=AWS4-HMAC-SHA256&X-Amz-Content-Sha256=UNSIGNED-PAYLOAD&X-Amz-Credential=AKIA3OVMNCEIG5ZSNPGG%2F20250503%2Feu-central-1%2Fs3%2Faws4_request&X-Amz-Date=20250503T101926Z&X-Amz-Expires=604800&X-Amz-Signature=0848e8897a92bbefcd0ae486e84c74b594172e3f781e85e894c4d19fe853aae6&X-Amz-SignedHeaders=host&response-content-type=application%2Foctet-stream&x-id=GetObject
125522,https://prod-mv-user-files-upload.s3.eu-central-1.amazonaws.com/130aedf9-cc93-4957-993f-fe55ad3e00b7/BGE_2_Bruecke_Fl.stp?X-Amz-Algorithm=AWS4-HMAC-SHA256&X-Amz-Content-Sha256=UNSIGNED-PAYLOAD&X-Amz-Credential=AKIA3OVMNCEIG5ZSNPGG%2F20250503%2Feu-central-1%2Fs3%2Faws4_request&X-Amz-Date=20250503T101926Z&X-Amz-Expires=604800&X-Amz-Signature=6bff7e76b4ac772a5f5b34da03116818ff249b608907f3311cfd54adce4b7441&X-Amz-SignedHeaders=host&response-content-type=application%2Foctet-stream&x-id=GetObject
125523,https://prod-mv-user-files-upload.s3.eu-central-1.amazonaws.com/3b218456-5acf-4a1d-a291-4006438ce0de/BGE_2_Bruecke_Winkel.stp?X-Amz-Algorithm=AWS4-HMAC-SHA256&X-Amz-Content-Sha256=UNSIGNED-PAYLOAD&X-Amz-Credential=AKIA3OVMNCEIG5ZSNPGG%2F20250503%2Feu-central-1%2Fs3%2Faws4_request&X-Amz-Date=20250503T101926Z&X-Amz-Expires=604800&X-Amz-Signature=b7887d19b103810a77ad7816392594672a6c6402ced7255e7db326f4c3c7335e&X-Amz-SignedHeaders=host&response-content-type=application%2Foctet-stream&x-id=GetObject
125524,https://prod-mv-user-files-upload.s3.eu-central-1.amazonaws.com/60557a81-19a6-41cf-9abc-ab24d615198e/BGE_1_Fuehrungsblock_1.stp?X-Amz-Algorithm=AWS4-HMAC-SHA256&X-Amz-Content-Sha256=UNSIGNED-PAYLOAD&X-Amz-Credential=AKIA3OVMNCEIG5ZSNPGG%2F20250503%2Feu-central-1%2Fs3%2Faws4_request&X-Amz-Date=20250503T101926Z&X-Amz-Expires=604800&X-Amz-Signature=a9229ae00364314ae20d50056f04907b45549246eace0bcdd64cc40c71ebbfc7&X-Amz-SignedHeaders=host&response-content-type=application%2Foctet-stream&x-id=GetObject
125527,https://prod-mv-user-files-upload.s3.eu-central-1.amazonaws.com/0476c06f-72d3-46c8-9fc9-b3b40e7a354f/MakerVerse_Sample.step?X-Amz-Algorithm=AWS4-HMAC-SHA256&X-Amz-Content-Sha256=UNSIGNED-PAYLOAD&X-Amz-Credential=AKIA3OVMNCEIG5ZSNPGG%2F20250503%2Feu-central-1%2Fs3%2Faws4_request&X-Amz-Date=20250503T121359Z&X-Amz-Expires=604800&X-Amz-Signature=ae7613bc85cb014e2629795343b595cda379c50bf81e48044b4f5f42ee158795&X-Amz-SignedHeaders=host&response-content-type=application%2Foctet-stream&x-id=GetObject
125529,https://prod-mv-user-files-upload.s3.eu-central-1.amazonaws.com/70110dfb-ee4c-4c4e-9380-ad4cff94824f/MakerVerse_Sample.step?X-Amz-Algorithm=AWS4-HMAC-SHA256&X-Amz-Content-Sha256=UNSIGNED-PAYLOAD&X-Amz-Credential=AKIA3OVMNCEIG5ZSNPGG%2F20250503%2Feu-central-1%2Fs3%2Faws4_request&X-Amz-Date=20250503T124345Z&X-Amz-Expires=604800&X-Amz-Signature=149ce9826039deee6904b3c6f438c5804052dd922dbabab70ca647bbf17a70e7&X-Amz-SignedHeaders=host&response-content-type=application%2Foctet-stream&x-id=GetObject
125533,https://prod-mv-user-files-upload.s3.eu-central-1.amazonaws.com/0c84e20f-3511-4f67-beb2-3b873d72678c/Punzon_Rebordear_Cubo_Disco.step?X-Amz-Algorithm=AWS4-HMAC-SHA256&X-Amz-Content-Sha256=UNSIGNED-PAYLOAD&X-Amz-Credential=AKIA3OVMNCEIG5ZSNPGG%2F20250503%2Feu-central-1%2Fs3%2Faws4_request&X-Amz-Date=20250503T125602Z&X-Amz-Expires=604800&X-Amz-Signature=00f38a859ccb8e6cd6210f8aa48dc03367178f8cb47f2a0dcbf1a6343d104d92&X-Amz-SignedHeaders=host&response-content-type=application%2Foctet-stream&x-id=GetObject
125534,https://prod-mv-user-files-upload.s3.eu-central-1.amazonaws.com/b9e88b02-5c95-4e11-a880-8cb3f7e5713b/Lampen_Fu__v2.step?X-Amz-Algorithm=AWS4-HMAC-SHA256&X-Amz-Content-Sha256=UNSIGNED-PAYLOAD&X-Amz-Credential=AKIA3OVMNCEIG5ZSNPGG%2F20250503%2Feu-central-1%2Fs3%2Faws4_request&X-Amz-Date=20250503T131812Z&X-Amz-Expires=604800&X-Amz-Signature=5f139aec8113f7d0e40ebfe833c04040f076cd6433e0e946e0885fcfea8debea&X-Amz-SignedHeaders=host&response-content-type=application%2Foctet-stream&x-id=GetObject
125531,https://prod-mv-user-files-upload.s3.eu-central-1.amazonaws.com/11911a81-8b1e-40ed-b530-0cb58d975dd2/TRU_Pebble_Anklet.step?X-Amz-Algorithm=AWS4-HMAC-SHA256&X-Amz-Content-Sha256=UNSIGNED-PAYLOAD&X-Amz-Credential=AKIA3OVMNCEIG5ZSNPGG%2F20250503%2Feu-central-1%2Fs3%2Faws4_request&X-Amz-Date=20250503T125538Z&X-Amz-Expires=604800&X-Amz-Signature=07f7b60905418b674ea263c16a07855dc9fad0a5d5e88c1ee57ae8c120e3fe82&X-Amz-SignedHeaders=host&response-content-type=application%2Foctet-stream&x-id=GetObject
125532,https://prod-mv-user-files-upload.s3.eu-central-1.amazonaws.com/5b1a0a6b-309b-4a2f-9cb8-b85c3b205879/TRU_Pebble_Charm.step?X-Amz-Algorithm=AWS4-HMAC-SHA256&X-Amz-Content-Sha256=UNSIGNED-PAYLOAD&X-Amz-Credential=AKIA3OVMNCEIG5ZSNPGG%2F20250503%2Feu-central-1%2Fs3%2Faws4_request&X-Amz-Date=20250503T125539Z&X-Amz-Expires=604800&X-Amz-Signature=c84e413a3791c0350d8b7eeb4eed7b0d90c3c8bb3eb8d861de4d70e7310d82d5&X-Amz-SignedHeaders=host&response-content-type=application%2Foctet-stream&x-id=GetObject
125535,https://prod-mv-user-files-upload.s3.eu-central-1.amazonaws.com/38de6b4c-2eb1-43b3-a61c-536f5f3114cd/3_5_mm_3D_Druck_Dummi.STEP?X-Amz-Algorithm=AWS4-HMAC-SHA256&X-Amz-Content-Sha256=UNSIGNED-PAYLOAD&X-Amz-Credential=AKIA3OVMNCEIG5ZSNPGG%2F20250503%2Feu-central-1%2Fs3%2Faws4_request&X-Amz-Date=20250503T134523Z&X-Amz-Expires=604800&X-Amz-Signature=086c2abc6f9438fc3af6d75f83500b12db2393c6da50c12828cc125e013f5f40&X-Amz-SignedHeaders=host&response-content-type=application%2Foctet-stream&x-id=GetObject
125536,https://prod-mv-user-files-upload.s3.eu-central-1.amazonaws.com/2ffea998-3e65-4bb9-b97a-f90d85e44548/CNC_V2.step?X-Amz-Algorithm=AWS4-HMAC-SHA256&X-Amz-Content-Sha256=UNSIGNED-PAYLOAD&X-Amz-Credential=AKIA3OVMNCEIG5ZSNPGG%2F20250503%2Feu-central-1%2Fs3%2Faws4_request&X-Amz-Date=20250503T134717Z&X-Amz-Expires=604800&X-Amz-Signature=3af142cf922515eb7f1764acf72303d6f4774337e2440a083a8ae553a76f2317&X-Amz-SignedHeaders=host&response-content-type=application%2Foctet-stream&x-id=GetObject
125538,https://prod-mv-user-files-upload.s3.eu-central-1.amazonaws.com/97c89c3e-5ad7-4638-89d9-db9e2679b1e4/___model_01_titanium___left_handle.step?X-Amz-Algorithm=AWS4-HMAC-SHA256&X-Amz-Content-Sha256=UNSIGNED-PAYLOAD&X-Amz-Credential=AKIA3OVMNCEIG5ZSNPGG%2F20250503%2Feu-central-1%2Fs3%2Faws4_request&X-Amz-Date=20250503T144112Z&X-Amz-Expires=604800&X-Amz-Signature=a741b64f68ddd528623d951e2aaa15d544db04dfa62a24d98855a65711ce11d4&X-Amz-SignedHeaders=host&response-content-type=application%2Foctet-stream&x-id=GetObject
125539,https://prod-mv-user-files-upload.s3.eu-central-1.amazonaws.com/b9aff1ac-05d3-448b-8b07-a9edbe36bfa5/___model_01_titanium___right_handle.step?X-Amz-Algorithm=AWS4-HMAC-SHA256&X-Amz-Content-Sha256=UNSIGNED-PAYLOAD&X-Amz-Credential=AKIA3OVMNCEIG5ZSNPGG%2F20250503%2Feu-central-1%2Fs3%2Faws4_request&X-Amz-Date=20250503T144112Z&X-Amz-Expires=604800&X-Amz-Signature=a25965623a22052809cbd84482990938ba13b62b81c7c8f40c59b2d1067b529a&X-Amz-SignedHeaders=host&response-content-type=application%2Foctet-stream&x-id=GetObject
125540,https://prod-mv-user-files-upload.s3.eu-central-1.amazonaws.com/da37f240-c3ca-41e7-be81-6e89623a9fbf/___model_01_titanium___front.step?X-Amz-Algorithm=AWS4-HMAC-SHA256&X-Amz-Content-Sha256=UNSIGNED-PAYLOAD&X-Amz-Credential=AKIA3OVMNCEIG5ZSNPGG%2F20250503%2Feu-central-1%2Fs3%2Faws4_request&X-Amz-Date=20250503T144112Z&X-Amz-Expires=604800&X-Amz-Signature=46a5b6e33cc0085e7e844a3df43bf625ea59f2fc805c43ef10fb251fa11502ae&X-Amz-SignedHeaders=host&response-content-type=application%2Foctet-stream&x-id=GetObject
125541,https://prod-mv-user-files-upload.s3.eu-central-1.amazonaws.com/51abcf35-0336-42f3-bab6-a71d777a4974/Engine_mount.stp?X-Amz-Algorithm=AWS4-HMAC-SHA256&X-Amz-Content-Sha256=UNSIGNED-PAYLOAD&X-Amz-Credential=AKIA3OVMNCEIG5ZSNPGG%2F20250503%2Feu-central-1%2Fs3%2Faws4_request&X-Amz-Date=20250503T144405Z&X-Amz-Expires=604800&X-Amz-Signature=440f14c22d25c74875b98a5cb4705049396ab18c8fbb2c1db10a2179654c7d50&X-Amz-SignedHeaders=host&response-content-type=application%2Foctet-stream&x-id=GetObject
125542,https://prod-mv-user-files-upload.s3.eu-central-1.amazonaws.com/3f538b14-a702-4170-88fb-9356e1a87604/PR_E01_TVC_10X_CAGE_INTERFACE_PLATE_REV_A.stp?X-Amz-Algorithm=AWS4-HMAC-SHA256&X-Amz-Content-Sha256=UNSIGNED-PAYLOAD&X-Amz-Credential=AKIA3OVMNCEIG5ZSNPGG%2F20250503%2Feu-central-1%2Fs3%2Faws4_request&X-Amz-Date=20250503T155614Z&X-Amz-Expires=604800&X-Amz-Signature=13e983f239a5325a2b06146d623439142e950925acc1cdb319ce17fec24b2543&X-Amz-SignedHeaders=host&response-content-type=application%2Foctet-stream&x-id=GetObject
125543,https://prod-mv-user-files-upload.s3.eu-central-1.amazonaws.com/f3878b4c-48d8-4b37-8c3e-d2a28d2a2cfc/PR_E01_FS_113_N2_SPLITTER_REV_A_1.stp?X-Amz-Algorithm=AWS4-HMAC-SHA256&X-Amz-Content-Sha256=UNSIGNED-PAYLOAD&X-Amz-Credential=AKIA3OVMNCEIG5ZSNPGG%2F20250503%2Feu-central-1%2Fs3%2Faws4_request&X-Amz-Date=20250503T160929Z&X-Amz-Expires=604800&X-Amz-Signature=560f27199c5dee39a721666357f2ffad3692a499d8953df8403a8ae3f78774e3&X-Amz-SignedHeaders=host&response-content-type=application%2Foctet-stream&x-id=GetObject
125544,https://prod-mv-user-files-upload.s3.eu-central-1.amazonaws.com/85efe9b8-150b-41de-a309-16532c08f2b5/Lampen_Fu__v2.step?X-Amz-Algorithm=AWS4-HMAC-SHA256&X-Amz-Content-Sha256=UNSIGNED-PAYLOAD&X-Amz-Credential=AKIA3OVMNCEIG5ZSNPGG%2F20250503%2Feu-central-1%2Fs3%2Faws4_request&X-Amz-Date=20250503T163452Z&X-Amz-Expires=604800&X-Amz-Signature=c25f35d0d9e3f746beac82bef485a980f9ccd8a34d8935e69ec8e377e5646850&X-Amz-SignedHeaders=host&response-content-type=application%2Foctet-stream&x-id=GetObject
125547,https://prod-mv-user-files-upload.s3.eu-central-1.amazonaws.com/02dbc345-4f26-42f9-b67b-036efc7029cf/Abdeckung.stp?X-Amz-Algorithm=AWS4-HMAC-SHA256&X-Amz-Content-Sha256=UNSIGNED-PAYLOAD&X-Amz-Credential=AKIA3OVMNCEIG5ZSNPGG%2F20250503%2Feu-central-1%2Fs3%2Faws4_request&X-Amz-Date=20250503T194044Z&X-Amz-Expires=604800&X-Amz-Signature=c300642c7082d5ffd9aedeaf5f092aad628672bd60a5c64bd23f58dad5013999&X-Amz-SignedHeaders=host&response-content-type=application%2Foctet-stream&x-id=GetObject
125558,https://prod-mv-user-files-upload.s3.eu-central-1.amazonaws.com/f0dc63e5-58b4-4ad8-80a0-39f32163f43f/2025_05_04_Lamp_voetstuk_R_v3.step?X-Amz-Algorithm=AWS4-HMAC-SHA256&X-Amz-Content-Sha256=UNSIGNED-PAYLOAD&X-Amz-Credential=AKIA3OVMNCEIG5ZSNPGG%2F20250504%2Feu-central-1%2Fs3%2Faws4_request&X-Amz-Date=20250504T082518Z&X-Amz-Expires=604800&X-Amz-Signature=f3eec098a1e077970641a47e8eb0e6e9d6b55135f630063e8d42fe7243184ddd&X-Amz-SignedHeaders=host&response-content-type=application%2Foctet-stream&x-id=GetObject
125559,https://prod-mv-user-files-upload.s3.eu-central-1.amazonaws.com/c2b9bc9e-2577-40c7-b8a5-eed8c960c287/2025_04_24_Lamp_voetstuk_R_v4.step?X-Amz-Algorithm=AWS4-HMAC-SHA256&X-Amz-Content-Sha256=UNSIGNED-PAYLOAD&X-Amz-Credential=AKIA3OVMNCEIG5ZSNPGG%2F20250504%2Feu-central-1%2Fs3%2Faws4_request&X-Amz-Date=20250504T083747Z&X-Amz-Expires=604800&X-Amz-Signature=265d821dbde8d9d7bfaa167980d07b303249b1e50eeb577469c7237a3b2e2c6e&X-Amz-SignedHeaders=host&response-content-type=application%2Foctet-stream&x-id=GetObject
125560,https://prod-mv-user-files-upload.s3.eu-central-1.amazonaws.com/6ca25e43-feef-4f46-8c4d-0b973317d797/2025_04_24_Lamp_voetstuk_R_v5.step?X-Amz-Algorithm=AWS4-HMAC-SHA256&X-Amz-Content-Sha256=UNSIGNED-PAYLOAD&X-Amz-Credential=AKIA3OVMNCEIG5ZSNPGG%2F20250504%2Feu-central-1%2Fs3%2Faws4_request&X-Amz-Date=20250504T090847Z&X-Amz-Expires=604800&X-Amz-Signature=236676f4f3ef1a601d7757884cd361dc86a66fa5fe69906eb8082386cf6c07fc&X-Amz-SignedHeaders=host&response-content-type=application%2Foctet-stream&x-id=GetObject
125580,https://prod-mv-user-files-upload.s3.eu-central-1.amazonaws.com/9f74120b-2271-4c33-ae71-e866b40fe41e/CP02_v1.step?X-Amz-Algorithm=AWS4-HMAC-SHA256&X-Amz-Content-Sha256=UNSIGNED-PAYLOAD&X-Amz-Credential=AKIA3OVMNCEIG5ZSNPGG%2F20250504%2Feu-central-1%2Fs3%2Faws4_request&X-Amz-Date=20250504T123113Z&X-Amz-Expires=604800&X-Amz-Signature=3627b3ac496329e5dd0d5e1b5096e2ef5180e198446f889f6a4eb9b1f421e067&X-Amz-SignedHeaders=host&response-content-type=application%2Foctet-stream&x-id=GetObject
125581,https://prod-mv-user-files-upload.s3.eu-central-1.amazonaws.com/5b6825da-b8cd-4bdf-8fda-4757eb6fef47/Maatwerk_Greep_Kort_v2.step?X-Amz-Algorithm=AWS4-HMAC-SHA256&X-Amz-Content-Sha256=UNSIGNED-PAYLOAD&X-Amz-Credential=AKIA3OVMNCEIG5ZSNPGG%2F20250504%2Feu-central-1%2Fs3%2Faws4_request&X-Amz-Date=20250504T123113Z&X-Amz-Expires=604800&X-Amz-Signature=7eb16e29e043f6951999b36a7db10e726adaa3397414c7885d8fb14218784376&X-Amz-SignedHeaders=host&response-content-type=application%2Foctet-stream&x-id=GetObject
125582,https://prod-mv-user-files-upload.s3.eu-central-1.amazonaws.com/51c256f4-cc8e-424b-9be5-ac32abae82e3/Maatwerk_Greep_Lang_v1.step?X-Amz-Algorithm=AWS4-HMAC-SHA256&X-Amz-Content-Sha256=UNSIGNED-PAYLOAD&X-Amz-Credential=AKIA3OVMNCEIG5ZSNPGG%2F20250504%2Feu-central-1%2Fs3%2Faws4_request&X-Amz-Date=20250504T123113Z&X-Amz-Expires=604800&X-Amz-Signature=4e9f7072037c979dd4a83d809574dc919d1439e0a74d592f2de1f2a03328d23a&X-Amz-SignedHeaders=host&response-content-type=application%2Foctet-stream&x-id=GetObject
125597,https://prod-mv-user-files-upload.s3.eu-central-1.amazonaws.com/d2c68954-bfff-45f5-9abe-023dcb93b710/shapr3d_export_2025_05_04_14h59m.step?X-Amz-Algorithm=AWS4-HMAC-SHA256&X-Amz-Content-Sha256=UNSIGNED-PAYLOAD&X-Amz-Credential=AKIA3OVMNCEIG5ZSNPGG%2F20250504%2Feu-central-1%2Fs3%2Faws4_request&X-Amz-Date=20250504T130103Z&X-Amz-Expires=604800&X-Amz-Signature=8f8151a25f775dcd69852aa5cb433c50279e8c22f072be31066d17bdd352f704&X-Amz-SignedHeaders=host&response-content-type=application%2Foctet-stream&x-id=GetObject
125599,https://prod-mv-user-files-upload.s3.eu-central-1.amazonaws.com/8bd63a8d-bc9d-4c37-b393-74f2dff60f40/Front_trunion.step?X-Amz-Algorithm=AWS4-HMAC-SHA256&X-Amz-Content-Sha256=UNSIGNED-PAYLOAD&X-Amz-Credential=AKIA3OVMNCEIG5ZSNPGG%2F20250504%2Feu-central-1%2Fs3%2Faws4_request&X-Amz-Date=20250504T130750Z&X-Amz-Expires=604800&X-Amz-Signature=4b195ab46fc9684b0d7dfea1ea2c799cf040497021d957d69328abd5777dec8b&X-Amz-SignedHeaders=host&response-content-type=application%2Foctet-stream&x-id=GetObject
125601,https://prod-mv-user-files-upload.s3.eu-central-1.amazonaws.com/e9238886-f625-4f86-a708-d0407e9199ed/2025_04_17_Speaker_R.step?X-Amz-Algorithm=AWS4-HMAC-SHA256&X-Amz-Content-Sha256=UNSIGNED-PAYLOAD&X-Amz-Credential=AKIA3OVMNCEIG5ZSNPGG%2F20250504%2Feu-central-1%2Fs3%2Faws4_request&X-Amz-Date=20250504T144558Z&X-Amz-Expires=604800&X-Amz-Signature=660ddec7766c29d7495e1c03c5334df23d5378bda95b7b380440a825aaddf685&X-Amz-SignedHeaders=host&response-content-type=application%2Foctet-stream&x-id=GetObject
125606,https://prod-mv-user-files-upload.s3.eu-central-1.amazonaws.com/0eb8eacf-76d6-4617-a4a0-604d31dcee36/Dick_Benzine_Adapter_V3_Body.step?X-Amz-Algorithm=AWS4-HMAC-SHA256&X-Amz-Content-Sha256=UNSIGNED-PAYLOAD&X-Amz-Credential=AKIA3OVMNCEIG5ZSNPGG%2F20250504%2Feu-central-1%2Fs3%2Faws4_request&X-Amz-Date=20250504T151025Z&X-Amz-Expires=604800&X-Amz-Signature=c9199b22707e6215feea5f47df3cbc71a888bb68728c29a4c58e03f78c926a59&X-Amz-SignedHeaders=host&response-content-type=application%2Foctet-stream&x-id=GetObject
125610,https://prod-mv-user-files-upload.s3.eu-central-1.amazonaws.com/26884bc1-bb18-42c8-9168-890ade107f11/Speaker_front.step?X-Amz-Algorithm=AWS4-HMAC-SHA256&X-Amz-Content-Sha256=UNSIGNED-PAYLOAD&X-Amz-Credential=AKIA3OVMNCEIG5ZSNPGG%2F20250504%2Feu-central-1%2Fs3%2Faws4_request&X-Amz-Date=20250504T170346Z&X-Amz-Expires=604800&X-Amz-Signature=49595923d8568b227e5daf0697b9c4f19ad8113ce4a3fdddbfe0a689d4a095d2&X-Amz-SignedHeaders=host&response-content-type=application%2Foctet-stream&x-id=GetObject
125611,https://prod-mv-user-files-upload.s3.eu-central-1.amazonaws.com/4023792c-2d7d-43cd-9607-89b9c5f192c4/Base_Mobile_Opener_Test_Body.step?X-Amz-Algorithm=AWS4-HMAC-SHA256&X-Amz-Content-Sha256=UNSIGNED-PAYLOAD&X-Amz-Credential=AKIA3OVMNCEIG5ZSNPGG%2F20250504%2Feu-central-1%2Fs3%2Faws4_request&X-Amz-Date=20250504T181525Z&X-Amz-Expires=604800&X-Amz-Signature=a5c62444cde5190584b5398d452c1620b1b01906bbab4d6de30ff40572762b00&X-Amz-SignedHeaders=host&response-content-type=application%2Foctet-stream&x-id=GetObject
125612,https://prod-mv-user-files-upload.s3.eu-central-1.amazonaws.com/e40659bd-c8fd-44ab-b9a6-6ced376b3506/EU00119162.STP?X-Amz-Algorithm=AWS4-HMAC-SHA256&X-Amz-Content-Sha256=UNSIGNED-PAYLOAD&X-Amz-Credential=AKIA3OVMNCEIG5ZSNPGG%2F20250505%2Feu-central-1%2Fs3%2Faws4_request&X-Amz-Date=20250505T073935Z&X-Amz-Expires=604800&X-Amz-Signature=b955d44295d75e536a5c36d4c0a956515772180af254d1e5b0217586641091ab&X-Amz-SignedHeaders=host&response-content-type=application%2Foctet-stream&x-id=GetObject
125613,https://prod-mv-user-files-upload.s3.eu-central-1.amazonaws.com/a68baf4a-e17a-4fd8-83d4-8cec6091b393/FT_GS_2025_0021_0001.stp?X-Amz-Algorithm=AWS4-HMAC-SHA256&X-Amz-Content-Sha256=UNSIGNED-PAYLOAD&X-Amz-Credential=AKIA3OVMNCEIG5ZSNPGG%2F20250505%2Feu-central-1%2Fs3%2Faws4_request&X-Amz-Date=20250505T075217Z&X-Amz-Expires=604800&X-Amz-Signature=71ea2aa38a78d57de04b08273038b882d37c9c5402c92b3e72353a4382ad9478&X-Amz-SignedHeaders=host&response-content-type=application%2Foctet-stream&x-id=GetObject
125614,https://prod-mv-user-files-upload.s3.eu-central-1.amazonaws.com/4668d0f6-46c0-45b6-b706-a686aefa7123/FT_GS_2025_0021_0002.stp?X-Amz-Algorithm=AWS4-HMAC-SHA256&X-Amz-Content-Sha256=UNSIGNED-PAYLOAD&X-Amz-Credential=AKIA3OVMNCEIG5ZSNPGG%2F20250505%2Feu-central-1%2Fs3%2Faws4_request&X-Amz-Date=20250505T075217Z&X-Amz-Expires=604800&X-Amz-Signature=baed30c69dd977ef2a8ee38ef1d245baa0bc3ba3ef00739da952f2bdb7826df0&X-Amz-SignedHeaders=host&response-content-type=application%2Foctet-stream&x-id=GetObject
125615,https://prod-mv-user-files-upload.s3.eu-central-1.amazonaws.com/527a0050-cac2-4aa2-bf46-afcfe4e728ed/FT_GS_2025_0021_0003.stp?X-Amz-Algorithm=AWS4-HMAC-SHA256&X-Amz-Content-Sha256=UNSIGNED-PAYLOAD&X-Amz-Credential=AKIA3OVMNCEIG5ZSNPGG%2F20250505%2Feu-central-1%2Fs3%2Faws4_request&X-Amz-Date=20250505T075217Z&X-Amz-Expires=604800&X-Amz-Signature=982e80a58020b6eb0ec85653b61b2300637e8519f80254b25e7222ef9018b0b0&X-Amz-SignedHeaders=host&response-content-type=application%2Foctet-stream&x-id=GetObject
125616,https://prod-mv-user-files-upload.s3.eu-central-1.amazonaws.com/090bbec7-85dd-4d34-8ed1-0972838a6691/FT_GS_2025_0021_0004.stp?X-Amz-Algorithm=AWS4-HMAC-SHA256&X-Amz-Content-Sha256=UNSIGNED-PAYLOAD&X-Amz-Credential=AKIA3OVMNCEIG5ZSNPGG%2F20250505%2Feu-central-1%2Fs3%2Faws4_request&X-Amz-Date=20250505T075217Z&X-Amz-Expires=604800&X-Amz-Signature=204311ea78a6b49962140e93ee3ce60c88cb39c26868431cc09c91bb7de5bee3&X-Amz-SignedHeaders=host&response-content-type=application%2Foctet-stream&x-id=GetObject
125617,https://prod-mv-user-files-upload.s3.eu-central-1.amazonaws.com/c7305b48-ecfd-44f7-ab4f-67df6702b5a2/FT_GS_2025_0021_0005.stp?X-Amz-Algorithm=AWS4-HMAC-SHA256&X-Amz-Content-Sha256=UNSIGNED-PAYLOAD&X-Amz-Credential=AKIA3OVMNCEIG5ZSNPGG%2F20250505%2Feu-central-1%2Fs3%2Faws4_request&X-Amz-Date=20250505T075217Z&X-Amz-Expires=604800&X-Amz-Signature=91d0639a4e3f8a6458e8e86c3c2922f1863289332069438e2c395c123f940403&X-Amz-SignedHeaders=host&response-content-type=application%2Foctet-stream&x-id=GetObject
125618,https://prod-mv-user-files-upload.s3.eu-central-1.amazonaws.com/33d2a839-5f97-48ab-95e3-2430fc7a9da5/FT_GS_2025_0021_0006.stp?X-Amz-Algorithm=AWS4-HMAC-SHA256&X-Amz-Content-Sha256=UNSIGNED-PAYLOAD&X-Amz-Credential=AKIA3OVMNCEIG5ZSNPGG%2F20250505%2Feu-central-1%2Fs3%2Faws4_request&X-Amz-Date=20250505T075218Z&X-Amz-Expires=604800&X-Amz-Signature=ed5d3f4467b435fa20cb91458bdc91cc2a3ddbe10c9dd4c65b1b132e7e7bbcf7&X-Amz-SignedHeaders=host&response-content-type=application%2Foctet-stream&x-id=GetObject
125619,https://prod-mv-user-files-upload.s3.eu-central-1.amazonaws.com/0782fbf8-880b-4781-8767-0b5d93e14813/FT_GS_2025_0021_0007.stp?X-Amz-Algorithm=AWS4-HMAC-SHA256&X-Amz-Content-Sha256=UNSIGNED-PAYLOAD&X-Amz-Credential=AKIA3OVMNCEIG5ZSNPGG%2F20250505%2Feu-central-1%2Fs3%2Faws4_request&X-Amz-Date=20250505T075218Z&X-Amz-Expires=604800&X-Amz-Signature=ff31c78d94b4630d51b92dabc80d52da2df1d08b001c3d55a93716fe134b8f92&X-Amz-SignedHeaders=host&response-content-type=application%2Foctet-stream&x-id=GetObject
125620,https://prod-mv-user-files-upload.s3.eu-central-1.amazonaws.com/b2e20982-b3dd-4828-994f-432e946513dd/LS_GS_2025_0021_0001.stp?X-Amz-Algorithm=AWS4-HMAC-SHA256&X-Amz-Content-Sha256=UNSIGNED-PAYLOAD&X-Amz-Credential=AKIA3OVMNCEIG5ZSNPGG%2F20250505%2Feu-central-1%2Fs3%2Faws4_request&X-Amz-Date=20250505T075218Z&X-Amz-Expires=604800&X-Amz-Signature=21459d5a4ff393b0e7fc98385b0e0d9d4fadcce8f03114f5cb85c14cd0e0fc5c&X-Amz-SignedHeaders=host&response-content-type=application%2Foctet-stream&x-id=GetObject
125621,https://prod-mv-user-files-upload.s3.eu-central-1.amazonaws.com/7334adae-c4c3-40f7-8af5-6ce5d42505a5/EU00119146.STP?X-Amz-Algorithm=AWS4-HMAC-SHA256&X-Amz-Content-Sha256=UNSIGNED-PAYLOAD&X-Amz-Credential=AKIA3OVMNCEIG5ZSNPGG%2F20250505%2Feu-central-1%2Fs3%2Faws4_request&X-Amz-Date=20250505T075230Z&X-Amz-Expires=604800&X-Amz-Signature=5066f088289c9dfbe05655ecd4a212d0e5695807ce25ad93cd0937567e9bb969&X-Amz-SignedHeaders=host&response-content-type=application%2Foctet-stream&x-id=GetObject
125630,https://prod-mv-user-files-upload.s3.eu-central-1.amazonaws.com/042d1bdb-051e-4550-b9c0-02f86b75d7a9/EU00119144.STP?X-Amz-Algorithm=AWS4-HMAC-SHA256&X-Amz-Content-Sha256=UNSIGNED-PAYLOAD&X-Amz-Credential=AKIA3OVMNCEIG5ZSNPGG%2F20250505%2Feu-central-1%2Fs3%2Faws4_request&X-Amz-Date=20250505T080428Z&X-Amz-Expires=604800&X-Amz-Signature=b1d625423167f08057c0b2d65a05c36ffaf9bafee58dec8c3e011a01818d2568&X-Amz-SignedHeaders=host&response-content-type=application%2Foctet-stream&x-id=GetObject
125632,https://prod-mv-user-files-upload.s3.eu-central-1.amazonaws.com/d2369fe9-ac29-4dda-bbd4-e9104b9d8549/EU00119115.STP?X-Amz-Algorithm=AWS4-HMAC-SHA256&X-Amz-Content-Sha256=UNSIGNED-PAYLOAD&X-Amz-Credential=AKIA3OVMNCEIG5ZSNPGG%2F20250505%2Feu-central-1%2Fs3%2Faws4_request&X-Amz-Date=20250505T081011Z&X-Amz-Expires=604800&X-Amz-Signature=2989f08f5a0064d5f0437c3a691fbab06e13c80823b5b6584e97fb9a28092f30&X-Amz-SignedHeaders=host&response-content-type=application%2Foctet-stream&x-id=GetObject
125633,https://prod-mv-user-files-upload.s3.eu-central-1.amazonaws.com/cd4b0c8a-2ac2-45ea-a093-e3f1222797f1/RnD040000494_cooling_block.STEP?X-Amz-Algorithm=AWS4-HMAC-SHA256&X-Amz-Content-Sha256=UNSIGNED-PAYLOAD&X-Amz-Credential=AKIA3OVMNCEIG5ZSNPGG%2F20250425%2Feu-central-1%2Fs3%2Faws4_request&X-Amz-Date=20250425T120425Z&X-Amz-Expires=604800&X-Amz-Signature=bf4db9e71e692997aff1dec5e3ad042feb56bd5aeb0ee54ec82a8f5851d196c0&X-Amz-SignedHeaders=host&response-content-type=application%2Foctet-stream&x-id=GetObject
125634,https://prod-mv-user-files-upload.s3.eu-central-1.amazonaws.com/5a6142c4-2f48-4ca9-9d60-12780d52d51c/RnD040000560_cooling_block_aircooling.STEP?X-Amz-Algorithm=AWS4-HMAC-SHA256&X-Amz-Content-Sha256=UNSIGNED-PAYLOAD&X-Amz-Credential=AKIA3OVMNCEIG5ZSNPGG%2F20250425%2Feu-central-1%2Fs3%2Faws4_request&X-Amz-Date=20250425T120425Z&X-Amz-Expires=604800&X-Amz-Signature=74b7e761e88c565f9c96d2a7c11c5e010def908f2706427a73b838333b700081&X-Amz-SignedHeaders=host&response-content-type=application%2Foctet-stream&x-id=GetObject
125629,https://prod-mv-user-files-upload.s3.eu-central-1.amazonaws.com/b2e20982-b3dd-4828-994f-432e946513dd/LS_GS_2025_0021_0001.stp?X-Amz-Algorithm=AWS4-HMAC-SHA256&X-Amz-Content-Sha256=UNSIGNED-PAYLOAD&X-Amz-Credential=AKIA3OVMNCEIG5ZSNPGG%2F20250505%2Feu-central-1%2Fs3%2Faws4_request&X-Amz-Date=20250505T075218Z&X-Amz-Expires=604800&X-Amz-Signature=21459d5a4ff393b0e7fc98385b0e0d9d4fadcce8f03114f5cb85c14cd0e0fc5c&X-Amz-SignedHeaders=host&response-content-type=application%2Foctet-stream&x-id=GetObject
125644,https://prod-mv-user-files-upload.s3.eu-central-1.amazonaws.com/c84eb233-fdc9-49ca-b561-95a8c4af1a6f/EU00119102.STP?X-Amz-Algorithm=AWS4-HMAC-SHA256&X-Amz-Content-Sha256=UNSIGNED-PAYLOAD&X-Amz-Credential=AKIA3OVMNCEIG5ZSNPGG%2F20250505%2Feu-central-1%2Fs3%2Faws4_request&X-Amz-Date=20250505T081701Z&X-Amz-Expires=604800&X-Amz-Signature=9415aa742fc12cd3abcd7775455e721b6a2d34e34cdee10a69abd455f692cc7e&X-Amz-SignedHeaders=host&response-content-type=application%2Foctet-stream&x-id=GetObject
125645,https://prod-mv-user-files-upload.s3.eu-central-1.amazonaws.com/654f8fef-181b-40f4-a043-21c073d1b142/EU00119103.STP?X-Amz-Algorithm=AWS4-HMAC-SHA256&X-Amz-Content-Sha256=UNSIGNED-PAYLOAD&X-Amz-Credential=AKIA3OVMNCEIG5ZSNPGG%2F20250505%2Feu-central-1%2Fs3%2Faws4_request&X-Amz-Date=20250505T082052Z&X-Amz-Expires=604800&X-Amz-Signature=cbc689f27571e8608d2e355104ab2298e1bb733fba10d82a6e06c5afe075c8e5&X-Amz-SignedHeaders=host&response-content-type=application%2Foctet-stream&x-id=GetObject
125646,https://prod-mv-user-files-upload.s3.eu-central-1.amazonaws.com/e392f54b-a1e2-4454-a1b6-a3219d540a2e/EU00119104.STP?X-Amz-Algorithm=AWS4-HMAC-SHA256&X-Amz-Content-Sha256=UNSIGNED-PAYLOAD&X-Amz-Credential=AKIA3OVMNCEIG5ZSNPGG%2F20250505%2Feu-central-1%2Fs3%2Faws4_request&X-Amz-Date=20250505T082847Z&X-Amz-Expires=604800&X-Amz-Signature=f9a42350b92d1fd657de62412f3c0ae57829c20857c4d4762cbcf7670d9ea498&X-Amz-SignedHeaders=host&response-content-type=application%2Foctet-stream&x-id=GetObject
125649,https://prod-mv-user-files-upload.s3.eu-central-1.amazonaws.com/12e2a294-8fc0-4fd8-9f6a-f8a5257456f8/2107044_Adapter_Elas__Kup_dopp.STEP?X-Amz-Algorithm=AWS4-HMAC-SHA256&X-Amz-Content-Sha256=UNSIGNED-PAYLOAD&X-Amz-Credential=AKIA3OVMNCEIG5ZSNPGG%2F20250505%2Feu-central-1%2Fs3%2Faws4_request&X-Amz-Date=20250505T085043Z&X-Amz-Expires=604800&X-Amz-Signature=c46df157f8eb65cebbabbdcf828dce19ae9acd03a2a4ae8f7f129a7f4c31b14a&X-Amz-SignedHeaders=host&response-content-type=application%2Foctet-stream&x-id=GetObject
125650,https://prod-mv-user-files-upload.s3.eu-central-1.amazonaws.com/a4dd3bdb-6be9-4f5e-9a72-3c9bd5ae7c0b/7_Grad.STEP?X-Amz-Algorithm=AWS4-HMAC-SHA256&X-Amz-Content-Sha256=UNSIGNED-PAYLOAD&X-Amz-Credential=AKIA3OVMNCEIG5ZSNPGG%2F20250407%2Feu-central-1%2Fs3%2Faws4_request&X-Amz-Date=20250407T090916Z&X-Amz-Expires=604800&X-Amz-Signature=db0d46e3558c39fb32b88e70ecccc568292df5c15ca98e46c339a159e271323c&X-Amz-SignedHeaders=host&response-content-type=application%2Foctet-stream&x-id=GetObject
125647,https://prod-mv-user-files-upload.s3.eu-central-1.amazonaws.com/a6647ada-dd25-4aef-9604-fa0176ba297b/Rohrgeometrie_v2.step?X-Amz-Algorithm=AWS4-HMAC-SHA256&X-Amz-Content-Sha256=UNSIGNED-PAYLOAD&X-Amz-Credential=AKIA3OVMNCEIG5ZSNPGG%2F20250505%2Feu-central-1%2Fs3%2Faws4_request&X-Amz-Date=20250505T084846Z&X-Amz-Expires=604800&X-Amz-Signature=78702b5e19c10cef8444b385ae38c4248b7a38f761a77c54d599938b79b847d2&X-Amz-SignedHeaders=host&response-content-type=application%2Foctet-stream&x-id=GetObject
125656,https://prod-mv-user-files-upload.s3.eu-central-1.amazonaws.com/57ae6c2e-38f5-4120-a37a-583c7ff21253/MecaKraftmessdoseAdapter.STEP?X-Amz-Algorithm=AWS4-HMAC-SHA256&X-Amz-Content-Sha256=UNSIGNED-PAYLOAD&X-Amz-Credential=AKIA3OVMNCEIG5ZSNPGG%2F20250505%2Feu-central-1%2Fs3%2Faws4_request&X-Amz-Date=20250505T092520Z&X-Amz-Expires=604800&X-Amz-Signature=3dc4c7b7e1642c6f09a9647f30c162687b96105dacad123173efa8ea46e5237b&X-Amz-SignedHeaders=host&response-content-type=application%2Foctet-stream&x-id=GetObject
125657,https://prod-mv-user-files-upload.s3.eu-central-1.amazonaws.com/76666584-d95c-4ada-8760-12d829721539/WS_IZFP.STEP?X-Amz-Algorithm=AWS4-HMAC-SHA256&X-Amz-Content-Sha256=UNSIGNED-PAYLOAD&X-Amz-Credential=AKIA3OVMNCEIG5ZSNPGG%2F20250505%2Feu-central-1%2Fs3%2Faws4_request&X-Amz-Date=20250505T092520Z&X-Amz-Expires=604800&X-Amz-Signature=0a3172383411c327055eaa7f861428ac084600afb4c2ebc7f9518ef066fab883&X-Amz-SignedHeaders=host&response-content-type=application%2Foctet-stream&x-id=GetObject
125661,https://prod-mv-user-files-upload.s3.eu-central-1.amazonaws.com/0c4ef5a0-f7dd-40ff-8574-6c300c30420b/EU00087589.STP?X-Amz-Algorithm=AWS4-HMAC-SHA256&X-Amz-Content-Sha256=UNSIGNED-PAYLOAD&X-Amz-Credential=AKIA3OVMNCEIG5ZSNPGG%2F20250505%2Feu-central-1%2Fs3%2Faws4_request&X-Amz-Date=20250505T094203Z&X-Amz-Expires=604800&X-Amz-Signature=5b47a253cdccb6045deb1efe7195e80402da9105bfc946a611423c088fdf35dd&X-Amz-SignedHeaders=host&response-content-type=application%2Foctet-stream&x-id=GetObject
125665,https://prod-mv-user-files-upload.s3.eu-central-1.amazonaws.com/4087b88e-895c-42ab-86fb-9c0d87dbb41c/SLC_D0071.STEP?X-Amz-Algorithm=AWS4-HMAC-SHA256&X-Amz-Content-Sha256=UNSIGNED-PAYLOAD&X-Amz-Credential=AKIA3OVMNCEIG5ZSNPGG%2F20250502%2Feu-central-1%2Fs3%2Faws4_request&X-Amz-Date=20250502T073557Z&X-Amz-Expires=604800&X-Amz-Signature=66d10cc8af7de38520d4d3964634b3235702c18cd6bed32cca9333b1d6683582&X-Amz-SignedHeaders=host&response-content-type=application%2Foctet-stream&x-id=GetObject
125666,https://prod-mv-user-files-upload.s3.eu-central-1.amazonaws.com/878506da-f5bb-4b0d-8a7b-20b7dab57ff5/SLC_D0072_5mm.STEP?X-Amz-Algorithm=AWS4-HMAC-SHA256&X-Amz-Content-Sha256=UNSIGNED-PAYLOAD&X-Amz-Credential=AKIA3OVMNCEIG5ZSNPGG%2F20250502%2Feu-central-1%2Fs3%2Faws4_request&X-Amz-Date=20250502T073557Z&X-Amz-Expires=604800&X-Amz-Signature=a8fe7cc755859714e7afb718b2efb76f8a6f3bda51d02b7a091eb0f29c9a1a54&X-Amz-SignedHeaders=host&response-content-type=application%2Foctet-stream&x-id=GetObject
125667,https://prod-mv-user-files-upload.s3.eu-central-1.amazonaws.com/71435038-77c2-486e-8eea-9b6b60cef6a0/SLC_D0072_10mm.STEP?X-Amz-Algorithm=AWS4-HMAC-SHA256&X-Amz-Content-Sha256=UNSIGNED-PAYLOAD&X-Amz-Credential=AKIA3OVMNCEIG5ZSNPGG%2F20250502%2Feu-central-1%2Fs3%2Faws4_request&X-Amz-Date=20250502T073557Z&X-Amz-Expires=604800&X-Amz-Signature=cbac3fb656301b0280f817293b2e1c2ddbe741cc562165b3cedf8570c3dc63e6&X-Amz-SignedHeaders=host&response-content-type=application%2Foctet-stream&x-id=GetObject
125668,https://prod-mv-user-files-upload.s3.eu-central-1.amazonaws.com/4087b88e-895c-42ab-86fb-9c0d87dbb41c/SLC_D0071.STEP?X-Amz-Algorithm=AWS4-HMAC-SHA256&X-Amz-Content-Sha256=UNSIGNED-PAYLOAD&X-Amz-Credential=AKIA3OVMNCEIG5ZSNPGG%2F20250502%2Feu-central-1%2Fs3%2Faws4_request&X-Amz-Date=20250502T073557Z&X-Amz-Expires=604800&X-Amz-Signature=66d10cc8af7de38520d4d3964634b3235702c18cd6bed32cca9333b1d6683582&X-Amz-SignedHeaders=host&response-content-type=application%2Foctet-stream&x-id=GetObject
125669,https://prod-mv-user-files-upload.s3.eu-central-1.amazonaws.com/878506da-f5bb-4b0d-8a7b-20b7dab57ff5/SLC_D0072_5mm.STEP?X-Amz-Algorithm=AWS4-HMAC-SHA256&X-Amz-Content-Sha256=UNSIGNED-PAYLOAD&X-Amz-Credential=AKIA3OVMNCEIG5ZSNPGG%2F20250502%2Feu-central-1%2Fs3%2Faws4_request&X-Amz-Date=20250502T073557Z&X-Amz-Expires=604800&X-Amz-Signature=a8fe7cc755859714e7afb718b2efb76f8a6f3bda51d02b7a091eb0f29c9a1a54&X-Amz-SignedHeaders=host&response-content-type=application%2Foctet-stream&x-id=GetObject
125670,https://prod-mv-user-files-upload.s3.eu-central-1.amazonaws.com/71435038-77c2-486e-8eea-9b6b60cef6a0/SLC_D0072_10mm.STEP?X-Amz-Algorithm=AWS4-HMAC-SHA256&X-Amz-Content-Sha256=UNSIGNED-PAYLOAD&X-Amz-Credential=AKIA3OVMNCEIG5ZSNPGG%2F20250502%2Feu-central-1%2Fs3%2Faws4_request&X-Amz-Date=20250502T073557Z&X-Amz-Expires=604800&X-Amz-Signature=cbac3fb656301b0280f817293b2e1c2ddbe741cc562165b3cedf8570c3dc63e6&X-Amz-SignedHeaders=host&response-content-type=application%2Foctet-stream&x-id=GetObject
125671,https://prod-mv-user-files-upload.s3.eu-central-1.amazonaws.com/f8fe1faf-4bdc-4c30-b80b-b659aa626bd7/Part_Studio_2.step?X-Amz-Algorithm=AWS4-HMAC-SHA256&X-Amz-Content-Sha256=UNSIGNED-PAYLOAD&X-Amz-Credential=AKIA3OVMNCEIG5ZSNPGG%2F20250505%2Feu-central-1%2Fs3%2Faws4_request&X-Amz-Date=20250505T100558Z&X-Amz-Expires=604800&X-Amz-Signature=9de2aaf23489b4eabdebb2465623efe394daad6ca5012b4a19790fa6809bbc04&X-Amz-SignedHeaders=host&response-content-type=application%2Foctet-stream&x-id=GetObject
125676,https://prod-mv-user-files-upload.s3.eu-central-1.amazonaws.com/640fa836-7a13-489a-8a39-d2b08c983ac2/4_Drink_Wagon_Chassis.step?X-Amz-Algorithm=AWS4-HMAC-SHA256&X-Amz-Content-Sha256=UNSIGNED-PAYLOAD&X-Amz-Credential=AKIA3OVMNCEIG5ZSNPGG%2F20250505%2Feu-central-1%2Fs3%2Faws4_request&X-Amz-Date=20250505T101812Z&X-Amz-Expires=604800&X-Amz-Signature=a1e838c59161718dbc8d65cf67035bdcc00ff315063f4d8beecaa7d3fe585070&X-Amz-SignedHeaders=host&response-content-type=application%2Foctet-stream&x-id=GetObject
125680,https://prod-mv-user-files-upload.s3.eu-central-1.amazonaws.com/b3d3f3e5-b15b-4af2-8deb-e8cbfe72b187/MakerVerse_Sample.step?X-Amz-Algorithm=AWS4-HMAC-SHA256&X-Amz-Content-Sha256=UNSIGNED-PAYLOAD&X-Amz-Credential=AKIA3OVMNCEIG5ZSNPGG%2F20250505%2Feu-central-1%2Fs3%2Faws4_request&X-Amz-Date=20250505T102036Z&X-Amz-Expires=604800&X-Amz-Signature=6a2ffb543e6b15cad58dea12da54ca32a4d95734f65e19c9e66ecb6e1bb8d351&X-Amz-SignedHeaders=host&response-content-type=application%2Foctet-stream&x-id=GetObject
125681,https://prod-mv-user-files-upload.s3.eu-central-1.amazonaws.com/176dbe3f-3106-46ce-b13e-787939abf7eb/4_Drink_Wagon_Chassis.step?X-Amz-Algorithm=AWS4-HMAC-SHA256&X-Amz-Content-Sha256=UNSIGNED-PAYLOAD&X-Amz-Credential=AKIA3OVMNCEIG5ZSNPGG%2F20250505%2Feu-central-1%2Fs3%2Faws4_request&X-Amz-Date=20250505T102054Z&X-Amz-Expires=604800&X-Amz-Signature=9238baafbd2b97db3f4f44c51162838bb64aea12d857ca37031ab049d51cf8a3&X-Amz-SignedHeaders=host&response-content-type=application%2Foctet-stream&x-id=GetObject
125682,https://prod-mv-user-files-upload.s3.eu-central-1.amazonaws.com/b3d3f3e5-b15b-4af2-8deb-e8cbfe72b187/MakerVerse_Sample.step?X-Amz-Algorithm=AWS4-HMAC-SHA256&X-Amz-Content-Sha256=UNSIGNED-PAYLOAD&X-Amz-Credential=AKIA3OVMNCEIG5ZSNPGG%2F20250505%2Feu-central-1%2Fs3%2Faws4_request&X-Amz-Date=20250505T102036Z&X-Amz-Expires=604800&X-Amz-Signature=6a2ffb543e6b15cad58dea12da54ca32a4d95734f65e19c9e66ecb6e1bb8d351&X-Amz-SignedHeaders=host&response-content-type=application%2Foctet-stream&x-id=GetObject
125677,https://prod-mv-user-files-upload.s3.eu-central-1.amazonaws.com/4087b88e-895c-42ab-86fb-9c0d87dbb41c/SLC_D0071.STEP?X-Amz-Algorithm=AWS4-HMAC-SHA256&X-Amz-Content-Sha256=UNSIGNED-PAYLOAD&X-Amz-Credential=AKIA3OVMNCEIG5ZSNPGG%2F20250502%2Feu-central-1%2Fs3%2Faws4_request&X-Amz-Date=20250502T073557Z&X-Amz-Expires=604800&X-Amz-Signature=66d10cc8af7de38520d4d3964634b3235702c18cd6bed32cca9333b1d6683582&X-Amz-SignedHeaders=host&response-content-type=application%2Foctet-stream&x-id=GetObject
125685,https://prod-mv-user-files-upload.s3.eu-central-1.amazonaws.com/11911a81-8b1e-40ed-b530-0cb58d975dd2/TRU_Pebble_Anklet.step?X-Amz-Algorithm=AWS4-HMAC-SHA256&X-Amz-Content-Sha256=UNSIGNED-PAYLOAD&X-Amz-Credential=AKIA3OVMNCEIG5ZSNPGG%2F20250503%2Feu-central-1%2Fs3%2Faws4_request&X-Amz-Date=20250503T125538Z&X-Amz-Expires=604800&X-Amz-Signature=07f7b60905418b674ea263c16a07855dc9fad0a5d5e88c1ee57ae8c120e3fe82&X-Amz-SignedHeaders=host&response-content-type=application%2Foctet-stream&x-id=GetObject
125686,https://prod-mv-user-files-upload.s3.eu-central-1.amazonaws.com/5b1a0a6b-309b-4a2f-9cb8-b85c3b205879/TRU_Pebble_Charm.step?X-Amz-Algorithm=AWS4-HMAC-SHA256&X-Amz-Content-Sha256=UNSIGNED-PAYLOAD&X-Amz-Credential=AKIA3OVMNCEIG5ZSNPGG%2F20250503%2Feu-central-1%2Fs3%2Faws4_request&X-Amz-Date=20250503T125539Z&X-Amz-Expires=604800&X-Amz-Signature=c84e413a3791c0350d8b7eeb4eed7b0d90c3c8bb3eb8d861de4d70e7310d82d5&X-Amz-SignedHeaders=host&response-content-type=application%2Foctet-stream&x-id=GetObject
125683,https://prod-mv-user-files-upload.s3.eu-central-1.amazonaws.com/11911a81-8b1e-40ed-b530-0cb58d975dd2/TRU_Pebble_Anklet.step?X-Amz-Algorithm=AWS4-HMAC-SHA256&X-Amz-Content-Sha256=UNSIGNED-PAYLOAD&X-Amz-Credential=AKIA3OVMNCEIG5ZSNPGG%2F20250503%2Feu-central-1%2Fs3%2Faws4_request&X-Amz-Date=20250503T125538Z&X-Amz-Expires=604800&X-Amz-Signature=07f7b60905418b674ea263c16a07855dc9fad0a5d5e88c1ee57ae8c120e3fe82&X-Amz-SignedHeaders=host&response-content-type=application%2Foctet-stream&x-id=GetObject
125684,https://prod-mv-user-files-upload.s3.eu-central-1.amazonaws.com/5b1a0a6b-309b-4a2f-9cb8-b85c3b205879/TRU_Pebble_Charm.step?X-Amz-Algorithm=AWS4-HMAC-SHA256&X-Amz-Content-Sha256=UNSIGNED-PAYLOAD&X-Amz-Credential=AKIA3OVMNCEIG5ZSNPGG%2F20250503%2Feu-central-1%2Fs3%2Faws4_request&X-Amz-Date=20250503T125539Z&X-Amz-Expires=604800&X-Amz-Signature=c84e413a3791c0350d8b7eeb4eed7b0d90c3c8bb3eb8d861de4d70e7310d82d5&X-Amz-SignedHeaders=host&response-content-type=application%2Foctet-stream&x-id=GetObject
125688,https://prod-mv-user-files-upload.s3.eu-central-1.amazonaws.com/25bba9a3-7cbf-4529-8b89-eac1dd20b4d6/2025_05_05_Schaal.step?X-Amz-Algorithm=AWS4-HMAC-SHA256&X-Amz-Content-Sha256=UNSIGNED-PAYLOAD&X-Amz-Credential=AKIA3OVMNCEIG5ZSNPGG%2F20250505%2Feu-central-1%2Fs3%2Faws4_request&X-Amz-Date=20250505T105631Z&X-Amz-Expires=604800&X-Amz-Signature=0ae93a251d4f7408cf0dc8565b2f5a3387ee2cac2e3883b6437a0bb2a93a2687&X-Amz-SignedHeaders=host&response-content-type=application%2Foctet-stream&x-id=GetObject
125652,https://prod-mv-user-files-upload.s3.eu-central-1.amazonaws.com/840523f6-e1ab-494a-b74e-34c077ed726b/T3065_Reiterplatte_v6.step?X-Amz-Algorithm=AWS4-HMAC-SHA256&X-Amz-Content-Sha256=UNSIGNED-PAYLOAD&X-Amz-Credential=AKIA3OVMNCEIG5ZSNPGG%2F20240909%2Feu-central-1%2Fs3%2Faws4_request&X-Amz-Date=20240909T110219Z&X-Amz-Expires=604800&X-Amz-Signature=7dbbb958bbad905c959e117c655814e6aabea6961a8f0ae261b7cb310d253671&X-Amz-SignedHeaders=host&response-content-type=application%2Foctet-stream&x-id=GetObject
125687,https://prod-mv-user-files-upload.s3.eu-central-1.amazonaws.com/bef28a01-2c1a-4a57-8843-a8de2fff9d74/einleger_kanaldummy_v5.stp?X-Amz-Algorithm=AWS4-HMAC-SHA256&X-Amz-Content-Sha256=UNSIGNED-PAYLOAD&X-Amz-Credential=AKIA3OVMNCEIG5ZSNPGG%2F20250505%2Feu-central-1%2Fs3%2Faws4_request&X-Amz-Date=20250505T105215Z&X-Amz-Expires=604800&X-Amz-Signature=c894697ea3f69f7cb2d8ec3bc84ea9309f63d5619a2f9249bc0b0a37234ff5b3&X-Amz-SignedHeaders=host&response-content-type=application%2Foctet-stream&x-id=GetObject
125690,https://prod-mv-user-files-upload.s3.eu-central-1.amazonaws.com/17596c3d-8244-4703-8e43-40c96f05daf6/Drink_Chassis_Sheet_Metal.step?X-Amz-Algorithm=AWS4-HMAC-SHA256&X-Amz-Content-Sha256=UNSIGNED-PAYLOAD&X-Amz-Credential=AKIA3OVMNCEIG5ZSNPGG%2F20250505%2Feu-central-1%2Fs3%2Faws4_request&X-Amz-Date=20250505T111650Z&X-Amz-Expires=604800&X-Amz-Signature=63866f31dc5830713b76fe88b3d49cb0243c399e61f39a54ee84c0bdbe20d2aa&X-Amz-SignedHeaders=host&response-content-type=application%2Foctet-stream&x-id=GetObject
125691,https://prod-mv-user-files-upload.s3.eu-central-1.amazonaws.com/8e461970-ddf5-42a1-b5d5-0d9e34ed6a35/EU00115673.STP?X-Amz-Algorithm=AWS4-HMAC-SHA256&X-Amz-Content-Sha256=UNSIGNED-PAYLOAD&X-Amz-Credential=AKIA3OVMNCEIG5ZSNPGG%2F20250505%2Feu-central-1%2Fs3%2Faws4_request&X-Amz-Date=20250505T113028Z&X-Amz-Expires=604800&X-Amz-Signature=4fa8dc455ef349d92282fa188df33a05c8ac99277c7b3ecf196f2ea185d11206&X-Amz-SignedHeaders=host&response-content-type=application%2Foctet-stream&x-id=GetObject
125692,https://prod-mv-user-files-upload.s3.eu-central-1.amazonaws.com/99f71a5c-2456-4696-b755-dc71bf33c97b/2152_Excenter_En_Akse_Skive.stp?X-Amz-Algorithm=AWS4-HMAC-SHA256&X-Amz-Content-Sha256=UNSIGNED-PAYLOAD&X-Amz-Credential=AKIA3OVMNCEIG5ZSNPGG%2F20250505%2Feu-central-1%2Fs3%2Faws4_request&X-Amz-Date=20250505T113411Z&X-Amz-Expires=604800&X-Amz-Signature=74be19f1d6daa5b3dec7d62f503ae6025c0898ae68124e5d1e36210d91ea3bf6&X-Amz-SignedHeaders=host&response-content-type=application%2Foctet-stream&x-id=GetObject
125693,https://prod-mv-user-files-upload.s3.eu-central-1.amazonaws.com/f9f460cd-f7c4-4118-b217-9220b850ef71/Body_04.step?X-Amz-Algorithm=AWS4-HMAC-SHA256&X-Amz-Content-Sha256=UNSIGNED-PAYLOAD&X-Amz-Credential=AKIA3OVMNCEIG5ZSNPGG%2F20250505%2Feu-central-1%2Fs3%2Faws4_request&X-Amz-Date=20250505T113632Z&X-Amz-Expires=604800&X-Amz-Signature=c3abbc7551505287bfc532cc6de37ce5d69aa68cc05658546df6a243097294c7&X-Amz-SignedHeaders=host&response-content-type=application%2Foctet-stream&x-id=GetObject
125694,https://prod-mv-user-files-upload.s3.eu-central-1.amazonaws.com/7449a97e-a653-4ab9-bd8b-805fcaad5a4a/Body_18.step?X-Amz-Algorithm=AWS4-HMAC-SHA256&X-Amz-Content-Sha256=UNSIGNED-PAYLOAD&X-Amz-Credential=AKIA3OVMNCEIG5ZSNPGG%2F20250505%2Feu-central-1%2Fs3%2Faws4_request&X-Amz-Date=20250505T113632Z&X-Amz-Expires=604800&X-Amz-Signature=20ff0a860a30ea2b9681d77d58499d7efd142f2a0cb14b1acb64e3aa4cfb0c09&X-Amz-SignedHeaders=host&response-content-type=application%2Foctet-stream&x-id=GetObject
125695,https://prod-mv-user-files-upload.s3.eu-central-1.amazonaws.com/8979cfa1-6e4a-4bde-a8e8-3fb9ed358361/290_012_002_002_Au_enteil.stp?X-Amz-Algorithm=AWS4-HMAC-SHA256&X-Amz-Content-Sha256=UNSIGNED-PAYLOAD&X-Amz-Credential=AKIA3OVMNCEIG5ZSNPGG%2F20250505%2Feu-central-1%2Fs3%2Faws4_request&X-Amz-Date=20250505T114324Z&X-Amz-Expires=604800&X-Amz-Signature=673b21cd7a540a7815546c250c57c97a57a1b1abab5d4a4cbcda56e76f956c1c&X-Amz-SignedHeaders=host&response-content-type=application%2Foctet-stream&x-id=GetObject
125583,https://prod-mv-user-files-upload.s3.eu-central-1.amazonaws.com/02aad6dc-3466-402a-b92b-132dbd3cc62c/lenker_halter_1.stp?X-Amz-Algorithm=AWS4-HMAC-SHA256&X-Amz-Content-Sha256=UNSIGNED-PAYLOAD&X-Amz-Credential=AKIA3OVMNCEIG5ZSNPGG%2F20250504%2Feu-central-1%2Fs3%2Faws4_request&X-Amz-Date=20250504T123113Z&X-Amz-Expires=604800&X-Amz-Signature=37347e1cc9c678e4d2d82502f81d0893a6fd70223f036c625e7437fc2c88b6e2&X-Amz-SignedHeaders=host&response-content-type=application%2Foctet-stream&x-id=GetObject
125584,https://prod-mv-user-files-upload.s3.eu-central-1.amazonaws.com/3eea9b2e-dd95-42c0-a5c6-c4611c148e69/lenker_halter_2.stp?X-Amz-Algorithm=AWS4-HMAC-SHA256&X-Amz-Content-Sha256=UNSIGNED-PAYLOAD&X-Amz-Credential=AKIA3OVMNCEIG5ZSNPGG%2F20250504%2Feu-central-1%2Fs3%2Faws4_request&X-Amz-Date=20250504T123113Z&X-Amz-Expires=604800&X-Amz-Signature=3c98ac26cc76213b65b794045c9b8f324c24d9a02afef2d233cd1d5281e0c2e9&X-Amz-SignedHeaders=host&response-content-type=application%2Foctet-stream&x-id=GetObject
125696,https://prod-mv-user-files-upload.s3.eu-central-1.amazonaws.com/02aad6dc-3466-402a-b92b-132dbd3cc62c/lenker_halter_1.stp?X-Amz-Algorithm=AWS4-HMAC-SHA256&X-Amz-Content-Sha256=UNSIGNED-PAYLOAD&X-Amz-Credential=AKIA3OVMNCEIG5ZSNPGG%2F20250504%2Feu-central-1%2Fs3%2Faws4_request&X-Amz-Date=20250504T123113Z&X-Amz-Expires=604800&X-Amz-Signature=37347e1cc9c678e4d2d82502f81d0893a6fd70223f036c625e7437fc2c88b6e2&X-Amz-SignedHeaders=host&response-content-type=application%2Foctet-stream&x-id=GetObject
125697,https://prod-mv-user-files-upload.s3.eu-central-1.amazonaws.com/3eea9b2e-dd95-42c0-a5c6-c4611c148e69/lenker_halter_2.stp?X-Amz-Algorithm=AWS4-HMAC-SHA256&X-Amz-Content-Sha256=UNSIGNED-PAYLOAD&X-Amz-Credential=AKIA3OVMNCEIG5ZSNPGG%2F20250504%2Feu-central-1%2Fs3%2Faws4_request&X-Amz-Date=20250504T123113Z&X-Amz-Expires=604800&X-Amz-Signature=3c98ac26cc76213b65b794045c9b8f324c24d9a02afef2d233cd1d5281e0c2e9&X-Amz-SignedHeaders=host&response-content-type=application%2Foctet-stream&x-id=GetObject
125698,https://prod-mv-user-files-upload.s3.eu-central-1.amazonaws.com/e3b601f9-15e8-4f91-8c30-5a54a3e6235e/lenker_halter_3.stp?X-Amz-Algorithm=AWS4-HMAC-SHA256&X-Amz-Content-Sha256=UNSIGNED-PAYLOAD&X-Amz-Credential=AKIA3OVMNCEIG5ZSNPGG%2F20250504%2Feu-central-1%2Fs3%2Faws4_request&X-Amz-Date=20250504T123113Z&X-Amz-Expires=604800&X-Amz-Signature=6e509f949bd9b613507f6589caaf67487e5c4e694ec7fdd809585af48c8b4a6b&X-Amz-SignedHeaders=host&response-content-type=application%2Foctet-stream&x-id=GetObject
125699,https://prod-mv-user-files-upload.s3.eu-central-1.amazonaws.com/c10ac49a-96a6-48f5-b679-95b959ab6b6d/Spiegel_Links_V2.stp?X-Amz-Algorithm=AWS4-HMAC-SHA256&X-Amz-Content-Sha256=UNSIGNED-PAYLOAD&X-Amz-Credential=AKIA3OVMNCEIG5ZSNPGG%2F20250504%2Feu-central-1%2Fs3%2Faws4_request&X-Amz-Date=20250504T123113Z&X-Amz-Expires=604800&X-Amz-Signature=83c8c708f6de02ed61b8d1ec183fe338160499cbee050665f9627b2798dddd59&X-Amz-SignedHeaders=host&response-content-type=application%2Foctet-stream&x-id=GetObject
125703,https://prod-mv-user-files-upload.s3.eu-central-1.amazonaws.com/7ba91fb8-8d41-4a33-af04-40cd4d42e682/Deckel_Spiegelbox_Detektor.stp?X-Amz-Algorithm=AWS4-HMAC-SHA256&X-Amz-Content-Sha256=UNSIGNED-PAYLOAD&X-Amz-Credential=AKIA3OVMNCEIG5ZSNPGG%2F20250407%2Feu-central-1%2Fs3%2Faws4_request&X-Amz-Date=20250407T114045Z&X-Amz-Expires=604800&X-Amz-Signature=9556630692130b244a93e9c49789549077ed71320dbc17c541a85cd5dfe5b11e&X-Amz-SignedHeaders=host&response-content-type=application%2Foctet-stream&x-id=GetObject
125704,https://prod-mv-user-files-upload.s3.eu-central-1.amazonaws.com/99e49ce7-9309-4ee0-a56b-c0fbc28dcab5/Deckel_Spiegelbox_LED.stp?X-Amz-Algorithm=AWS4-HMAC-SHA256&X-Amz-Content-Sha256=UNSIGNED-PAYLOAD&X-Amz-Credential=AKIA3OVMNCEIG5ZSNPGG%2F20250407%2Feu-central-1%2Fs3%2Faws4_request&X-Amz-Date=20250407T114045Z&X-Amz-Expires=604800&X-Amz-Signature=0e57fc9bae44907b88c00243c058e08455a63a47af7317b5b3e8c738eb4942e0&X-Amz-SignedHeaders=host&response-content-type=application%2Foctet-stream&x-id=GetObject
125705,https://prod-mv-user-files-upload.s3.eu-central-1.amazonaws.com/e08d89d6-bdcc-4b23-bd80-a71250daaf1e/Sockel_adapter_v3_Spiegelbox_Dicht.stp?X-Amz-Algorithm=AWS4-HMAC-SHA256&X-Amz-Content-Sha256=UNSIGNED-PAYLOAD&X-Amz-Credential=AKIA3OVMNCEIG5ZSNPGG%2F20250407%2Feu-central-1%2Fs3%2Faws4_request&X-Amz-Date=20250407T114045Z&X-Amz-Expires=604800&X-Amz-Signature=910d708d5abf109f648ac52dafda437e1f7112a48b7de7e8f4fd963fd6a40e9b&X-Amz-SignedHeaders=host&response-content-type=application%2Foctet-stream&x-id=GetObject
125706,https://prod-mv-user-files-upload.s3.eu-central-1.amazonaws.com/0c155fe0-dcf8-4f47-96fc-78c94598b0f9/Spiegelbox.stp?X-Amz-Algorithm=AWS4-HMAC-SHA256&X-Amz-Content-Sha256=UNSIGNED-PAYLOAD&X-Amz-Credential=AKIA3OVMNCEIG5ZSNPGG%2F20250407%2Feu-central-1%2Fs3%2Faws4_request&X-Amz-Date=20250407T114045Z&X-Amz-Expires=604800&X-Amz-Signature=429bcc732f25385cd5b5bbd08d60bb9e2495d83d17b987405b48168bce9ce5ea&X-Amz-SignedHeaders=host&response-content-type=application%2Foctet-stream&x-id=GetObject
125707,https://prod-mv-user-files-upload.s3.eu-central-1.amazonaws.com/dc6c20ea-7912-4653-810f-0e2edf1e2ac5/Spiegelbox_Auflage.stp?X-Amz-Algorithm=AWS4-HMAC-SHA256&X-Amz-Content-Sha256=UNSIGNED-PAYLOAD&X-Amz-Credential=AKIA3OVMNCEIG5ZSNPGG%2F20250407%2Feu-central-1%2Fs3%2Faws4_request&X-Amz-Date=20250407T114045Z&X-Amz-Expires=604800&X-Amz-Signature=d4271c3fb92065f31d1aa538bc61402383560ac5f6cc1d800f03e1c4dc3f8441&X-Amz-SignedHeaders=host&response-content-type=application%2Foctet-stream&x-id=GetObject
125689,https://prod-mv-user-files-upload.s3.eu-central-1.amazonaws.com/18ef6392-6994-44c3-a9b7-336dc33f9568/2025_05_05_Schaal.step?X-Amz-Algorithm=AWS4-HMAC-SHA256&X-Amz-Content-Sha256=UNSIGNED-PAYLOAD&X-Amz-Credential=AKIA3OVMNCEIG5ZSNPGG%2F20250505%2Feu-central-1%2Fs3%2Faws4_request&X-Amz-Date=20250505T105855Z&X-Amz-Expires=604800&X-Amz-Signature=99de91da0ac316354d662dc6aab65dae02ebaeb0503808ef1e6316f493e209c2&X-Amz-SignedHeaders=host&response-content-type=application%2Foctet-stream&x-id=GetObject
125708,https://prod-mv-user-files-upload.s3.eu-central-1.amazonaws.com/4cfb0430-2fa7-4cd1-8ee7-76b4e0295ac6/front_speaker.step?X-Amz-Algorithm=AWS4-HMAC-SHA256&X-Amz-Content-Sha256=UNSIGNED-PAYLOAD&X-Amz-Credential=AKIA3OVMNCEIG5ZSNPGG%2F20250505%2Feu-central-1%2Fs3%2Faws4_request&X-Amz-Date=20250505T114917Z&X-Amz-Expires=604800&X-Amz-Signature=fecad3de6bf6e2811c6be29abc2a0c7d063496e5d5337ce1b35cef5b0cae7ddb&X-Amz-SignedHeaders=host&response-content-type=application%2Foctet-stream&x-id=GetObject
125709,https://prod-mv-user-files-upload.s3.eu-central-1.amazonaws.com/82407842-35ac-4f37-9097-ebf36384e2f3/schijf.step?X-Amz-Algorithm=AWS4-HMAC-SHA256&X-Amz-Content-Sha256=UNSIGNED-PAYLOAD&X-Amz-Credential=AKIA3OVMNCEIG5ZSNPGG%2F20250505%2Feu-central-1%2Fs3%2Faws4_request&X-Amz-Date=20250505T115407Z&X-Amz-Expires=604800&X-Amz-Signature=f37983795c2d7e76e0ab872782cb09ed7fa410632736506d1a717969763ed5ac&X-Amz-SignedHeaders=host&response-content-type=application%2Foctet-stream&x-id=GetObject
125712,https://prod-mv-user-files-upload.s3.eu-central-1.amazonaws.com/049aa21b-13fd-4ced-a85f-d9692111a154/door_hinge.step?X-Amz-Algorithm=AWS4-HMAC-SHA256&X-Amz-Content-Sha256=UNSIGNED-PAYLOAD&X-Amz-Credential=AKIA3OVMNCEIG5ZSNPGG%2F20250505%2Feu-central-1%2Fs3%2Faws4_request&X-Amz-Date=20250505T120659Z&X-Amz-Expires=604800&X-Amz-Signature=dafedc815152f79cad0bfdf21b5f5441cfc3e3b6b4489e2dd1474a89ae1db2b5&X-Amz-SignedHeaders=host&response-content-type=application%2Foctet-stream&x-id=GetObject
125719,https://prod-mv-user-files-upload.s3.eu-central-1.amazonaws.com/92365add-b4bd-420a-b48c-5228de2cb14c/round_bracket.stp?X-Amz-Algorithm=AWS4-HMAC-SHA256&X-Amz-Content-Sha256=UNSIGNED-PAYLOAD&X-Amz-Credential=AKIA3OVMNCEIG5ZSNPGG%2F20250505%2Feu-central-1%2Fs3%2Faws4_request&X-Amz-Date=20250505T120846Z&X-Amz-Expires=604800&X-Amz-Signature=d4296acfa1cd8f14a017b452a0ff60724acac23d7e0e13439aae46df8f69f511&X-Amz-SignedHeaders=host&response-content-type=application%2Foctet-stream&x-id=GetObject
125720,https://prod-mv-user-files-upload.s3.eu-central-1.amazonaws.com/5499b03a-f2fc-45c0-b158-0cae1a414c0a/round_bracket.stp?X-Amz-Algorithm=AWS4-HMAC-SHA256&X-Amz-Content-Sha256=UNSIGNED-PAYLOAD&X-Amz-Credential=AKIA3OVMNCEIG5ZSNPGG%2F20250505%2Feu-central-1%2Fs3%2Faws4_request&X-Amz-Date=20250505T121025Z&X-Amz-Expires=604800&X-Amz-Signature=a67e3471ae3c7a1eafe9dedaba234a2e8cbcc487ad004cdddea0bd876f953a27&X-Amz-SignedHeaders=host&response-content-type=application%2Foctet-stream&x-id=GetObject
125724,https://prod-mv-user-files-upload.s3.eu-central-1.amazonaws.com/73849929-5eb0-4c9f-821e-a130f54280c8/Test.step?X-Amz-Algorithm=AWS4-HMAC-SHA256&X-Amz-Content-Sha256=UNSIGNED-PAYLOAD&X-Amz-Credential=AKIA3OVMNCEIG5ZSNPGG%2F20250505%2Feu-central-1%2Fs3%2Faws4_request&X-Amz-Date=20250505T123711Z&X-Amz-Expires=604800&X-Amz-Signature=a360179fd91ce15657f70f5296f5663584a9172bd903eda3f79c972e83dbf4a3&X-Amz-SignedHeaders=host&response-content-type=application%2Foctet-stream&x-id=GetObject
125725,https://prod-mv-user-files-upload.s3.eu-central-1.amazonaws.com/7df969a3-0992-4bc3-aca2-4577dd043059/drehteil_einfach.STP?X-Amz-Algorithm=AWS4-HMAC-SHA256&X-Amz-Content-Sha256=UNSIGNED-PAYLOAD&X-Amz-Credential=AKIA3OVMNCEIG5ZSNPGG%2F20250428%2Feu-central-1%2Fs3%2Faws4_request&X-Amz-Date=20250428T144534Z&X-Amz-Expires=604800&X-Amz-Signature=534b02942427d65300497b1d19b6e400049887b879864b6aae295ed9e15168e7&X-Amz-SignedHeaders=host&response-content-type=application%2Foctet-stream&x-id=GetObject
125726,https://prod-mv-user-files-upload.s3.eu-central-1.amazonaws.com/7df969a3-0992-4bc3-aca2-4577dd043059/drehteil_einfach.STP?X-Amz-Algorithm=AWS4-HMAC-SHA256&X-Amz-Content-Sha256=UNSIGNED-PAYLOAD&X-Amz-Credential=AKIA3OVMNCEIG5ZSNPGG%2F20250428%2Feu-central-1%2Fs3%2Faws4_request&X-Amz-Date=20250428T144534Z&X-Amz-Expires=604800&X-Amz-Signature=534b02942427d65300497b1d19b6e400049887b879864b6aae295ed9e15168e7&X-Amz-SignedHeaders=host&response-content-type=application%2Foctet-stream&x-id=GetObject
125727,https://prod-mv-user-files-upload.s3.eu-central-1.amazonaws.com/7df969a3-0992-4bc3-aca2-4577dd043059/drehteil_einfach.STP?X-Amz-Algorithm=AWS4-HMAC-SHA256&X-Amz-Content-Sha256=UNSIGNED-PAYLOAD&X-Amz-Credential=AKIA3OVMNCEIG5ZSNPGG%2F20250428%2Feu-central-1%2Fs3%2Faws4_request&X-Amz-Date=20250428T144534Z&X-Amz-Expires=604800&X-Amz-Signature=534b02942427d65300497b1d19b6e400049887b879864b6aae295ed9e15168e7&X-Amz-SignedHeaders=host&response-content-type=application%2Foctet-stream&x-id=GetObject
125728,https://prod-mv-user-files-upload.s3.eu-central-1.amazonaws.com/7df969a3-0992-4bc3-aca2-4577dd043059/drehteil_einfach.STP?X-Amz-Algorithm=AWS4-HMAC-SHA256&X-Amz-Content-Sha256=UNSIGNED-PAYLOAD&X-Amz-Credential=AKIA3OVMNCEIG5ZSNPGG%2F20250428%2Feu-central-1%2Fs3%2Faws4_request&X-Amz-Date=20250428T144534Z&X-Amz-Expires=604800&X-Amz-Signature=534b02942427d65300497b1d19b6e400049887b879864b6aae295ed9e15168e7&X-Amz-SignedHeaders=host&response-content-type=application%2Foctet-stream&x-id=GetObject
125729,https://prod-mv-user-files-upload.s3.eu-central-1.amazonaws.com/7df969a3-0992-4bc3-aca2-4577dd043059/drehteil_einfach.STP?X-Amz-Algorithm=AWS4-HMAC-SHA256&X-Amz-Content-Sha256=UNSIGNED-PAYLOAD&X-Amz-Credential=AKIA3OVMNCEIG5ZSNPGG%2F20250428%2Feu-central-1%2Fs3%2Faws4_request&X-Amz-Date=20250428T144534Z&X-Amz-Expires=604800&X-Amz-Signature=534b02942427d65300497b1d19b6e400049887b879864b6aae295ed9e15168e7&X-Amz-SignedHeaders=host&response-content-type=application%2Foctet-stream&x-id=GetObject
125710,https://prod-mv-user-files-upload.s3.eu-central-1.amazonaws.com/39f68227-7976-4d8b-a432-ff75201d540e/T512949.STEP?X-Amz-Algorithm=AWS4-HMAC-SHA256&X-Amz-Content-Sha256=UNSIGNED-PAYLOAD&X-Amz-Credential=AKIA3OVMNCEIG5ZSNPGG%2F20250501%2Feu-central-1%2Fs3%2Faws4_request&X-Amz-Date=20250501T135913Z&X-Amz-Expires=604800&X-Amz-Signature=b39c132b79dfc131596886f7cb52a9c5a9c1dcc02bf57401eaeec3d456746c42&X-Amz-SignedHeaders=host&response-content-type=application%2Foctet-stream&x-id=GetObject
125711,https://prod-mv-user-files-upload.s3.eu-central-1.amazonaws.com/e9aab6bc-1996-4714-aa49-e165aa25108c/T512951.STEP?X-Amz-Algorithm=AWS4-HMAC-SHA256&X-Amz-Content-Sha256=UNSIGNED-PAYLOAD&X-Amz-Credential=AKIA3OVMNCEIG5ZSNPGG%2F20250501%2Feu-central-1%2Fs3%2Faws4_request&X-Amz-Date=20250501T135913Z&X-Amz-Expires=604800&X-Amz-Signature=3cef60397a05b2b2acf2578c0302b070457a882db40615998c584d8d734fcea2&X-Amz-SignedHeaders=host&response-content-type=application%2Foctet-stream&x-id=GetObject
125731,https://prod-mv-user-files-upload.s3.eu-central-1.amazonaws.com/5e19a017-8f97-4810-b167-eb6b1cdbc23e/24GM2017_01_Kappe_PCB_Photodiode.STEP?X-Amz-Algorithm=AWS4-HMAC-SHA256&X-Amz-Content-Sha256=UNSIGNED-PAYLOAD&X-Amz-Credential=AKIA3OVMNCEIG5ZSNPGG%2F20250505%2Feu-central-1%2Fs3%2Faws4_request&X-Amz-Date=20250505T125615Z&X-Amz-Expires=604800&X-Amz-Signature=94620a27ba66ef466eb69047b01828aa644c80d113d0ac843457aa240fa5ab05&X-Amz-SignedHeaders=host&response-content-type=application%2Foctet-stream&x-id=GetObject
125732,https://prod-mv-user-files-upload.s3.eu-central-1.amazonaws.com/7c160861-af4e-4381-93d4-2c6954dfdc39/24GM2114_00_Fassung_Filter_unten_4x4.STEP?X-Amz-Algorithm=AWS4-HMAC-SHA256&X-Amz-Content-Sha256=UNSIGNED-PAYLOAD&X-Amz-Credential=AKIA3OVMNCEIG5ZSNPGG%2F20250505%2Feu-central-1%2Fs3%2Faws4_request&X-Amz-Date=20250505T125615Z&X-Amz-Expires=604800&X-Amz-Signature=6e3fabcea096646f450b1fe99637ee6f451e6b9248f8370add4c017ef51706a0&X-Amz-SignedHeaders=host&response-content-type=application%2Foctet-stream&x-id=GetObject
125733,https://prod-mv-user-files-upload.s3.eu-central-1.amazonaws.com/f38a06b3-f059-4fbb-949b-42327bd7ec96/24GM2129_00_Halter_rot__Kristallunit.STEP?X-Amz-Algorithm=AWS4-HMAC-SHA256&X-Amz-Content-Sha256=UNSIGNED-PAYLOAD&X-Amz-Credential=AKIA3OVMNCEIG5ZSNPGG%2F20250505%2Feu-central-1%2Fs3%2Faws4_request&X-Amz-Date=20250505T125615Z&X-Amz-Expires=604800&X-Amz-Signature=e7720e519c9dda9337387a194530add211752a6dd95c3268cf89f9da934fff8d&X-Amz-SignedHeaders=host&response-content-type=application%2Foctet-stream&x-id=GetObject
125734,https://prod-mv-user-files-upload.s3.eu-central-1.amazonaws.com/8246d640-8aaf-4e3d-b300-68675c4cced7/RnD040000261_24GM2141_00_Klemme_Filter_oben.STEP?X-Amz-Algorithm=AWS4-HMAC-SHA256&X-Amz-Content-Sha256=UNSIGNED-PAYLOAD&X-Amz-Credential=AKIA3OVMNCEIG5ZSNPGG%2F20250505%2Feu-central-1%2Fs3%2Faws4_request&X-Amz-Date=20250505T125615Z&X-Amz-Expires=604800&X-Amz-Signature=f7ce03691312628d60f6af086c36fa5645d5da60bed20050b75931fa61906a5f&X-Amz-SignedHeaders=host&response-content-type=application%2Foctet-stream&x-id=GetObject
125735,https://prod-mv-user-files-upload.s3.eu-central-1.amazonaws.com/1fcbd39a-752d-4a57-9379-deb5268f7ecb/24GM0915_03_Fassung_Linse_unten.STEP?X-Amz-Algorithm=AWS4-HMAC-SHA256&X-Amz-Content-Sha256=UNSIGNED-PAYLOAD&X-Amz-Credential=AKIA3OVMNCEIG5ZSNPGG%2F20250505%2Feu-central-1%2Fs3%2Faws4_request&X-Amz-Date=20250505T125615Z&X-Amz-Expires=604800&X-Amz-Signature=9baba8d53f1e5357f6957b6b6e263bac07aec88f373d01a07399d2680a59d2be&X-Amz-SignedHeaders=host&response-content-type=application%2Foctet-stream&x-id=GetObject
125590,https://prod-mv-user-files-upload.s3.eu-central-1.amazonaws.com/20821e35-a117-4bd8-96de-0c9f377eb55e/lenker_halter_1.stp?X-Amz-Algorithm=AWS4-HMAC-SHA256&X-Amz-Content-Sha256=UNSIGNED-PAYLOAD&X-Amz-Credential=AKIA3OVMNCEIG5ZSNPGG%2F20250504%2Feu-central-1%2Fs3%2Faws4_request&X-Amz-Date=20250504T123620Z&X-Amz-Expires=604800&X-Amz-Signature=87cb669a1bac6258348704738b190ac143078c1ff9a589244d04c1890b2cea8a&X-Amz-SignedHeaders=host&response-content-type=application%2Foctet-stream&x-id=GetObject
125591,https://prod-mv-user-files-upload.s3.eu-central-1.amazonaws.com/01ebc9a7-0e4a-4fcd-a5de-43fb203325be/lenker_halter_2.stp?X-Amz-Algorithm=AWS4-HMAC-SHA256&X-Amz-Content-Sha256=UNSIGNED-PAYLOAD&X-Amz-Credential=AKIA3OVMNCEIG5ZSNPGG%2F20250504%2Feu-central-1%2Fs3%2Faws4_request&X-Amz-Date=20250504T123620Z&X-Amz-Expires=604800&X-Amz-Signature=bd0421f1ac0143bbb9ef62ca1b19da6365b437e7d2c1a1311769b4a6583542c8&X-Amz-SignedHeaders=host&response-content-type=application%2Foctet-stream&x-id=GetObject
125592,https://prod-mv-user-files-upload.s3.eu-central-1.amazonaws.com/a8a71117-56e3-40de-a676-753db065ad34/lenker_halter_3.stp?X-Amz-Algorithm=AWS4-HMAC-SHA256&X-Amz-Content-Sha256=UNSIGNED-PAYLOAD&X-Amz-Credential=AKIA3OVMNCEIG5ZSNPGG%2F20250504%2Feu-central-1%2Fs3%2Faws4_request&X-Amz-Date=20250504T123620Z&X-Amz-Expires=604800&X-Amz-Signature=5f84800d35789322de18b97a208dd216ea0118dc2ab6d563fd69fc8e16bd233d&X-Amz-SignedHeaders=host&response-content-type=application%2Foctet-stream&x-id=GetObject
125593,https://prod-mv-user-files-upload.s3.eu-central-1.amazonaws.com/41d88e3b-d05a-4e92-8d86-1cacf7a2ea57/Spiegel_Links_V2.stp?X-Amz-Algorithm=AWS4-HMAC-SHA256&X-Amz-Content-Sha256=UNSIGNED-PAYLOAD&X-Amz-Credential=AKIA3OVMNCEIG5ZSNPGG%2F20250504%2Feu-central-1%2Fs3%2Faws4_request&X-Amz-Date=20250504T123620Z&X-Amz-Expires=604800&X-Amz-Signature=4e5f6d7f4b0404cd3ee9d10414f2e68d885735ec8933ca068576e8e520347f5d&X-Amz-SignedHeaders=host&response-content-type=application%2Foctet-stream&x-id=GetObject
125594,https://prod-mv-user-files-upload.s3.eu-central-1.amazonaws.com/abe11ad3-6bf5-43e0-8f27-6d1713010ffc/Spiegel_rechts_V2.stp?X-Amz-Algorithm=AWS4-HMAC-SHA256&X-Amz-Content-Sha256=UNSIGNED-PAYLOAD&X-Amz-Credential=AKIA3OVMNCEIG5ZSNPGG%2F20250504%2Feu-central-1%2Fs3%2Faws4_request&X-Amz-Date=20250504T123620Z&X-Amz-Expires=604800&X-Amz-Signature=324925437abdf199796f16b533acd6a85dd02c436844b141672e3b84d67f72ee&X-Amz-SignedHeaders=host&response-content-type=application%2Foctet-stream&x-id=GetObject
125595,https://prod-mv-user-files-upload.s3.eu-central-1.amazonaws.com/86f14ada-9964-4163-aacd-fcaab1da9e03/Spiegelhalter_Blinker_Links.stp?X-Amz-Algorithm=AWS4-HMAC-SHA256&X-Amz-Content-Sha256=UNSIGNED-PAYLOAD&X-Amz-Credential=AKIA3OVMNCEIG5ZSNPGG%2F20250504%2Feu-central-1%2Fs3%2Faws4_request&X-Amz-Date=20250504T123620Z&X-Amz-Expires=604800&X-Amz-Signature=e2e267ade6712321ac7d2752908be569f9cac3ad3750437d0de32fca78496cb7&X-Amz-SignedHeaders=host&response-content-type=application%2Foctet-stream&x-id=GetObject
125596,https://prod-mv-user-files-upload.s3.eu-central-1.amazonaws.com/cd85175d-bfd3-4be9-8073-9cae9e5744aa/Spiegelhalter_Blinker_Rechts.stp?X-Amz-Algorithm=AWS4-HMAC-SHA256&X-Amz-Content-Sha256=UNSIGNED-PAYLOAD&X-Amz-Credential=AKIA3OVMNCEIG5ZSNPGG%2F20250504%2Feu-central-1%2Fs3%2Faws4_request&X-Amz-Date=20250504T123620Z&X-Amz-Expires=604800&X-Amz-Signature=3be7c8b961f27a738580b41cc2b57e0b55f28bf8695da484eb2c72902413d089&X-Amz-SignedHeaders=host&response-content-type=application%2Foctet-stream&x-id=GetObject
125714,https://prod-mv-user-files-upload.s3.eu-central-1.amazonaws.com/5b1a0a6b-309b-4a2f-9cb8-b85c3b205879/TRU_Pebble_Charm.step?X-Amz-Algorithm=AWS4-HMAC-SHA256&X-Amz-Content-Sha256=UNSIGNED-PAYLOAD&X-Amz-Credential=AKIA3OVMNCEIG5ZSNPGG%2F20250503%2Feu-central-1%2Fs3%2Faws4_request&X-Amz-Date=20250503T125539Z&X-Amz-Expires=604800&X-Amz-Signature=c84e413a3791c0350d8b7eeb4eed7b0d90c3c8bb3eb8d861de4d70e7310d82d5&X-Amz-SignedHeaders=host&response-content-type=application%2Foctet-stream&x-id=GetObject
125715,https://prod-mv-user-files-upload.s3.eu-central-1.amazonaws.com/11911a81-8b1e-40ed-b530-0cb58d975dd2/TRU_Pebble_Anklet.step?X-Amz-Algorithm=AWS4-HMAC-SHA256&X-Amz-Content-Sha256=UNSIGNED-PAYLOAD&X-Amz-Credential=AKIA3OVMNCEIG5ZSNPGG%2F20250503%2Feu-central-1%2Fs3%2Faws4_request&X-Amz-Date=20250503T125538Z&X-Amz-Expires=604800&X-Amz-Signature=07f7b60905418b674ea263c16a07855dc9fad0a5d5e88c1ee57ae8c120e3fe82&X-Amz-SignedHeaders=host&response-content-type=application%2Foctet-stream&x-id=GetObject
125716,https://prod-mv-user-files-upload.s3.eu-central-1.amazonaws.com/5b1a0a6b-309b-4a2f-9cb8-b85c3b205879/TRU_Pebble_Charm.step?X-Amz-Algorithm=AWS4-HMAC-SHA256&X-Amz-Content-Sha256=UNSIGNED-PAYLOAD&X-Amz-Credential=AKIA3OVMNCEIG5ZSNPGG%2F20250503%2Feu-central-1%2Fs3%2Faws4_request&X-Amz-Date=20250503T125539Z&X-Amz-Expires=604800&X-Amz-Signature=c84e413a3791c0350d8b7eeb4eed7b0d90c3c8bb3eb8d861de4d70e7310d82d5&X-Amz-SignedHeaders=host&response-content-type=application%2Foctet-stream&x-id=GetObject
125717,https://prod-mv-user-files-upload.s3.eu-central-1.amazonaws.com/11911a81-8b1e-40ed-b530-0cb58d975dd2/TRU_Pebble_Anklet.step?X-Amz-Algorithm=AWS4-HMAC-SHA256&X-Amz-Content-Sha256=UNSIGNED-PAYLOAD&X-Amz-Credential=AKIA3OVMNCEIG5ZSNPGG%2F20250503%2Feu-central-1%2Fs3%2Faws4_request&X-Amz-Date=20250503T125538Z&X-Amz-Expires=604800&X-Amz-Signature=07f7b60905418b674ea263c16a07855dc9fad0a5d5e88c1ee57ae8c120e3fe82&X-Amz-SignedHeaders=host&response-content-type=application%2Foctet-stream&x-id=GetObject
125718,https://prod-mv-user-files-upload.s3.eu-central-1.amazonaws.com/5b1a0a6b-309b-4a2f-9cb8-b85c3b205879/TRU_Pebble_Charm.step?X-Amz-Algorithm=AWS4-HMAC-SHA256&X-Amz-Content-Sha256=UNSIGNED-PAYLOAD&X-Amz-Credential=AKIA3OVMNCEIG5ZSNPGG%2F20250503%2Feu-central-1%2Fs3%2Faws4_request&X-Amz-Date=20250503T125539Z&X-Amz-Expires=604800&X-Amz-Signature=c84e413a3791c0350d8b7eeb4eed7b0d90c3c8bb3eb8d861de4d70e7310d82d5&X-Amz-SignedHeaders=host&response-content-type=application%2Foctet-stream&x-id=GetObject
125742,https://prod-mv-user-files-upload.s3.eu-central-1.amazonaws.com/ce22ebcb-aace-4326-a56a-ef738655218b/Heatsink.STEP?X-Amz-Algorithm=AWS4-HMAC-SHA256&X-Amz-Content-Sha256=UNSIGNED-PAYLOAD&X-Amz-Credential=AKIA3OVMNCEIG5ZSNPGG%2F20250505%2Feu-central-1%2Fs3%2Faws4_request&X-Amz-Date=20250505T131507Z&X-Amz-Expires=604800&X-Amz-Signature=64acff2928fb00616e6694aeb64b804673527904417684441a5d6f9eb0b2ecee&X-Amz-SignedHeaders=host&response-content-type=application%2Foctet-stream&x-id=GetObject
125651,https://prod-mv-user-files-upload.s3.eu-central-1.amazonaws.com/60d2b3da-c488-43d6-bd02-da40dabec07b/10_Grad.STEP?X-Amz-Algorithm=AWS4-HMAC-SHA256&X-Amz-Content-Sha256=UNSIGNED-PAYLOAD&X-Amz-Credential=AKIA3OVMNCEIG5ZSNPGG%2F20250407%2Feu-central-1%2Fs3%2Faws4_request&X-Amz-Date=20250407T090916Z&X-Amz-Expires=604800&X-Amz-Signature=a25f6ff22bf9ac1011a1a6aa8494b6d6836e5a957e4d9dba19e6bd1c48239443&X-Amz-SignedHeaders=host&response-content-type=application%2Foctet-stream&x-id=GetObject
125743,https://prod-mv-user-files-upload.s3.eu-central-1.amazonaws.com/353d42e3-c8ca-4e62-9bd0-81403a86d5dd/Base_plate.STEP?X-Amz-Algorithm=AWS4-HMAC-SHA256&X-Amz-Content-Sha256=UNSIGNED-PAYLOAD&X-Amz-Credential=AKIA3OVMNCEIG5ZSNPGG%2F20250505%2Feu-central-1%2Fs3%2Faws4_request&X-Amz-Date=20250505T132843Z&X-Amz-Expires=604800&X-Amz-Signature=d045fbd737075919d0e662099dd653fa7804ca8aaa05210e78c2a3b58f5a84e4&X-Amz-SignedHeaders=host&response-content-type=application%2Foctet-stream&x-id=GetObject
125744,https://prod-mv-user-files-upload.s3.eu-central-1.amazonaws.com/353d42e3-c8ca-4e62-9bd0-81403a86d5dd/Base_plate.STEP?X-Amz-Algorithm=AWS4-HMAC-SHA256&X-Amz-Content-Sha256=UNSIGNED-PAYLOAD&X-Amz-Credential=AKIA3OVMNCEIG5ZSNPGG%2F20250505%2Feu-central-1%2Fs3%2Faws4_request&X-Amz-Date=20250505T132843Z&X-Amz-Expires=604800&X-Amz-Signature=d045fbd737075919d0e662099dd653fa7804ca8aaa05210e78c2a3b58f5a84e4&X-Amz-SignedHeaders=host&response-content-type=application%2Foctet-stream&x-id=GetObject
125745,https://prod-mv-user-files-upload.s3.eu-central-1.amazonaws.com/f5a8f0bb-daed-4bba-8bf9-e83021802664/BajonettFilterreinigung.stp?X-Amz-Algorithm=AWS4-HMAC-SHA256&X-Amz-Content-Sha256=UNSIGNED-PAYLOAD&X-Amz-Credential=AKIA3OVMNCEIG5ZSNPGG%2F20250505%2Feu-central-1%2Fs3%2Faws4_request&X-Amz-Date=20250505T133040Z&X-Amz-Expires=604800&X-Amz-Signature=bf6a41dd393b04e7ee92fc8afaf5c4d90c74eaba429398a949d4f4a564c4c840&X-Amz-SignedHeaders=host&response-content-type=application%2Foctet-stream&x-id=GetObject
125746,https://prod-mv-user-files-upload.s3.eu-central-1.amazonaws.com/f5a8f0bb-daed-4bba-8bf9-e83021802664/BajonettFilterreinigung.stp?X-Amz-Algorithm=AWS4-HMAC-SHA256&X-Amz-Content-Sha256=UNSIGNED-PAYLOAD&X-Amz-Credential=AKIA3OVMNCEIG5ZSNPGG%2F20250505%2Feu-central-1%2Fs3%2Faws4_request&X-Amz-Date=20250505T133040Z&X-Amz-Expires=604800&X-Amz-Signature=bf6a41dd393b04e7ee92fc8afaf5c4d90c74eaba429398a949d4f4a564c4c840&X-Amz-SignedHeaders=host&response-content-type=application%2Foctet-stream&x-id=GetObject
125747,https://prod-mv-user-files-upload.s3.eu-central-1.amazonaws.com/f5a8f0bb-daed-4bba-8bf9-e83021802664/BajonettFilterreinigung.stp?X-Amz-Algorithm=AWS4-HMAC-SHA256&X-Amz-Content-Sha256=UNSIGNED-PAYLOAD&X-Amz-Credential=AKIA3OVMNCEIG5ZSNPGG%2F20250505%2Feu-central-1%2Fs3%2Faws4_request&X-Amz-Date=20250505T133040Z&X-Amz-Expires=604800&X-Amz-Signature=bf6a41dd393b04e7ee92fc8afaf5c4d90c74eaba429398a949d4f4a564c4c840&X-Amz-SignedHeaders=host&response-content-type=application%2Foctet-stream&x-id=GetObject
125748,https://prod-mv-user-files-upload.s3.eu-central-1.amazonaws.com/f5a8f0bb-daed-4bba-8bf9-e83021802664/BajonettFilterreinigung.stp?X-Amz-Algorithm=AWS4-HMAC-SHA256&X-Amz-Content-Sha256=UNSIGNED-PAYLOAD&X-Amz-Credential=AKIA3OVMNCEIG5ZSNPGG%2F20250505%2Feu-central-1%2Fs3%2Faws4_request&X-Amz-Date=20250505T133040Z&X-Amz-Expires=604800&X-Amz-Signature=bf6a41dd393b04e7ee92fc8afaf5c4d90c74eaba429398a949d4f4a564c4c840&X-Amz-SignedHeaders=host&response-content-type=application%2Foctet-stream&x-id=GetObject
125749,https://prod-mv-user-files-upload.s3.eu-central-1.amazonaws.com/353d42e3-c8ca-4e62-9bd0-81403a86d5dd/Base_plate.STEP?X-Amz-Algorithm=AWS4-HMAC-SHA256&X-Amz-Content-Sha256=UNSIGNED-PAYLOAD&X-Amz-Credential=AKIA3OVMNCEIG5ZSNPGG%2F20250505%2Feu-central-1%2Fs3%2Faws4_request&X-Amz-Date=20250505T132843Z&X-Amz-Expires=604800&X-Amz-Signature=d045fbd737075919d0e662099dd653fa7804ca8aaa05210e78c2a3b58f5a84e4&X-Amz-SignedHeaders=host&response-content-type=application%2Foctet-stream&x-id=GetObject
125750,https://prod-mv-user-files-upload.s3.eu-central-1.amazonaws.com/353d42e3-c8ca-4e62-9bd0-81403a86d5dd/Base_plate.STEP?X-Amz-Algorithm=AWS4-HMAC-SHA256&X-Amz-Content-Sha256=UNSIGNED-PAYLOAD&X-Amz-Credential=AKIA3OVMNCEIG5ZSNPGG%2F20250505%2Feu-central-1%2Fs3%2Faws4_request&X-Amz-Date=20250505T132843Z&X-Amz-Expires=604800&X-Amz-Signature=d045fbd737075919d0e662099dd653fa7804ca8aaa05210e78c2a3b58f5a84e4&X-Amz-SignedHeaders=host&response-content-type=application%2Foctet-stream&x-id=GetObject
125751,https://prod-mv-user-files-upload.s3.eu-central-1.amazonaws.com/a3ae3767-a5ae-4a50-9838-33b0e21ca5da/Laser_clamping_d11_5.stp?X-Amz-Algorithm=AWS4-HMAC-SHA256&X-Amz-Content-Sha256=UNSIGNED-PAYLOAD&X-Amz-Credential=AKIA3OVMNCEIG5ZSNPGG%2F20250505%2Feu-central-1%2Fs3%2Faws4_request&X-Amz-Date=20250505T133309Z&X-Amz-Expires=604800&X-Amz-Signature=63f195fc421fe46a09fbef0acb5fec694841cf6050e94fa69f88fe65301377e3&X-Amz-SignedHeaders=host&response-content-type=application%2Foctet-stream&x-id=GetObject
125752,https://prod-mv-user-files-upload.s3.eu-central-1.amazonaws.com/966d84e6-0613-4005-a2f7-db8cd34e0c19/Mounting_plate_PSD.stp?X-Amz-Algorithm=AWS4-HMAC-SHA256&X-Amz-Content-Sha256=UNSIGNED-PAYLOAD&X-Amz-Credential=AKIA3OVMNCEIG5ZSNPGG%2F20250505%2Feu-central-1%2Fs3%2Faws4_request&X-Amz-Date=20250505T133309Z&X-Amz-Expires=604800&X-Amz-Signature=d08e7e69c8c0f4bba25da14da53edd3f9af04d0e564e656cbe13d23d122ea1eb&X-Amz-SignedHeaders=host&response-content-type=application%2Foctet-stream&x-id=GetObject
125753,https://prod-mv-user-files-upload.s3.eu-central-1.amazonaws.com/75ed0397-fc08-499f-ad5f-57cfe71c85d1/Laser_fixture_robot_side_agilus.stp?X-Amz-Algorithm=AWS4-HMAC-SHA256&X-Amz-Content-Sha256=UNSIGNED-PAYLOAD&X-Amz-Credential=AKIA3OVMNCEIG5ZSNPGG%2F20250505%2Feu-central-1%2Fs3%2Faws4_request&X-Amz-Date=20250505T133309Z&X-Amz-Expires=604800&X-Amz-Signature=7a95eba6f6a776f4915bf138ccde53f7e3e2cd54d9702ef1c74c4ab9bd6b6877&X-Amz-SignedHeaders=host&response-content-type=application%2Foctet-stream&x-id=GetObject
125736,https://prod-mv-user-files-upload.s3.eu-central-1.amazonaws.com/8cb1f2b7-a6dc-4b8d-8621-f5b662dfebdb/E0701_01_Inflow_fixture_S.STEP?X-Amz-Algorithm=AWS4-HMAC-SHA256&X-Amz-Content-Sha256=UNSIGNED-PAYLOAD&X-Amz-Credential=AKIA3OVMNCEIG5ZSNPGG%2F20250424%2Feu-central-1%2Fs3%2Faws4_request&X-Amz-Date=20250424T141743Z&X-Amz-Expires=604800&X-Amz-Signature=a7abb3e4ca8d324f29355e78bcd6e1789380f40e21a75c36547f0d9d2a5b5194&X-Amz-SignedHeaders=host&response-content-type=application%2Foctet-stream&x-id=GetObject
125737,https://prod-mv-user-files-upload.s3.eu-central-1.amazonaws.com/04b1bd19-5c0e-4899-9b85-c4d8cac3d7ba/E0701_02_Outflow_fixture_S.STEP?X-Amz-Algorithm=AWS4-HMAC-SHA256&X-Amz-Content-Sha256=UNSIGNED-PAYLOAD&X-Amz-Credential=AKIA3OVMNCEIG5ZSNPGG%2F20250424%2Feu-central-1%2Fs3%2Faws4_request&X-Amz-Date=20250424T141743Z&X-Amz-Expires=604800&X-Amz-Signature=b7577f703c90508c1af4c046992cadb0ab971f78a8824d6e6b5c1233c89edb5b&X-Amz-SignedHeaders=host&response-content-type=application%2Foctet-stream&x-id=GetObject
125738,https://prod-mv-user-files-upload.s3.eu-central-1.amazonaws.com/58b7fe9f-8b93-471f-a816-76034e6b8292/E0702_01_Inflow_fixture_M.STEP?X-Amz-Algorithm=AWS4-HMAC-SHA256&X-Amz-Content-Sha256=UNSIGNED-PAYLOAD&X-Amz-Credential=AKIA3OVMNCEIG5ZSNPGG%2F20250424%2Feu-central-1%2Fs3%2Faws4_request&X-Amz-Date=20250424T141743Z&X-Amz-Expires=604800&X-Amz-Signature=66cba1c00f85069a44b7fe0a79517f0ee1faf77dc2053e62b32250e9895eaeaf&X-Amz-SignedHeaders=host&response-content-type=application%2Foctet-stream&x-id=GetObject
125739,https://prod-mv-user-files-upload.s3.eu-central-1.amazonaws.com/8923ebb1-70af-4bc6-a75b-b444331354d2/E0702_02_Outflow_fixture_M.STEP?X-Amz-Algorithm=AWS4-HMAC-SHA256&X-Amz-Content-Sha256=UNSIGNED-PAYLOAD&X-Amz-Credential=AKIA3OVMNCEIG5ZSNPGG%2F20250424%2Feu-central-1%2Fs3%2Faws4_request&X-Amz-Date=20250424T141743Z&X-Amz-Expires=604800&X-Amz-Signature=82644c64dc8ba067318acbc92df115a2dfd10d54e5b3b853a09ccc2d34e7c5d5&X-Amz-SignedHeaders=host&response-content-type=application%2Foctet-stream&x-id=GetObject
125740,https://prod-mv-user-files-upload.s3.eu-central-1.amazonaws.com/ee6d6e25-5a80-4822-a460-fedf30265273/E0703_01_Inflow_fixture_L.STEP?X-Amz-Algorithm=AWS4-HMAC-SHA256&X-Amz-Content-Sha256=UNSIGNED-PAYLOAD&X-Amz-Credential=AKIA3OVMNCEIG5ZSNPGG%2F20250424%2Feu-central-1%2Fs3%2Faws4_request&X-Amz-Date=20250424T141744Z&X-Amz-Expires=604800&X-Amz-Signature=7f5bd2c14817d68afa7a43847c29a38597888791507551c822183455cd31ff03&X-Amz-SignedHeaders=host&response-content-type=application%2Foctet-stream&x-id=GetObject
125741,https://prod-mv-user-files-upload.s3.eu-central-1.amazonaws.com/210a0410-5ae0-49f5-9b70-7bc6be514867/E0703_02_Outflow_fixture_L.STEP?X-Amz-Algorithm=AWS4-HMAC-SHA256&X-Amz-Content-Sha256=UNSIGNED-PAYLOAD&X-Amz-Credential=AKIA3OVMNCEIG5ZSNPGG%2F20250424%2Feu-central-1%2Fs3%2Faws4_request&X-Amz-Date=20250424T141744Z&X-Amz-Expires=604800&X-Amz-Signature=fb57ab5905f51e6fb9178c56b74c7138b96111af7c6a0743207e9a395f72acf6&X-Amz-SignedHeaders=host&response-content-type=application%2Foctet-stream&x-id=GetObject
125585,https://prod-mv-user-files-upload.s3.eu-central-1.amazonaws.com/e3b601f9-15e8-4f91-8c30-5a54a3e6235e/lenker_halter_3.stp?X-Amz-Algorithm=AWS4-HMAC-SHA256&X-Amz-Content-Sha256=UNSIGNED-PAYLOAD&X-Amz-Credential=AKIA3OVMNCEIG5ZSNPGG%2F20250504%2Feu-central-1%2Fs3%2Faws4_request&X-Amz-Date=20250504T123113Z&X-Amz-Expires=604800&X-Amz-Signature=6e509f949bd9b613507f6589caaf67487e5c4e694ec7fdd809585af48c8b4a6b&X-Amz-SignedHeaders=host&response-content-type=application%2Foctet-stream&x-id=GetObject
125586,https://prod-mv-user-files-upload.s3.eu-central-1.amazonaws.com/c10ac49a-96a6-48f5-b679-95b959ab6b6d/Spiegel_Links_V2.stp?X-Amz-Algorithm=AWS4-HMAC-SHA256&X-Amz-Content-Sha256=UNSIGNED-PAYLOAD&X-Amz-Credential=AKIA3OVMNCEIG5ZSNPGG%2F20250504%2Feu-central-1%2Fs3%2Faws4_request&X-Amz-Date=20250504T123113Z&X-Amz-Expires=604800&X-Amz-Signature=83c8c708f6de02ed61b8d1ec183fe338160499cbee050665f9627b2798dddd59&X-Amz-SignedHeaders=host&response-content-type=application%2Foctet-stream&x-id=GetObject
125587,https://prod-mv-user-files-upload.s3.eu-central-1.amazonaws.com/e3c095d1-7572-4182-8423-abf575155295/Spiegel_rechts_V2.stp?X-Amz-Algorithm=AWS4-HMAC-SHA256&X-Amz-Content-Sha256=UNSIGNED-PAYLOAD&X-Amz-Credential=AKIA3OVMNCEIG5ZSNPGG%2F20250504%2Feu-central-1%2Fs3%2Faws4_request&X-Amz-Date=20250504T123114Z&X-Amz-Expires=604800&X-Amz-Signature=1785594d13ec63770011b834af1737e541f00bb2c7086e60dc04f71fd62bcc30&X-Amz-SignedHeaders=host&response-content-type=application%2Foctet-stream&x-id=GetObject
125588,https://prod-mv-user-files-upload.s3.eu-central-1.amazonaws.com/357f0140-e9c5-4005-9b23-76e9c542228c/Spiegelhalter_Blinker_Links.stp?X-Amz-Algorithm=AWS4-HMAC-SHA256&X-Amz-Content-Sha256=UNSIGNED-PAYLOAD&X-Amz-Credential=AKIA3OVMNCEIG5ZSNPGG%2F20250504%2Feu-central-1%2Fs3%2Faws4_request&X-Amz-Date=20250504T123114Z&X-Amz-Expires=604800&X-Amz-Signature=6ffd47a1303b2aac25261840c15afbc99dd3366e659ec673f192317829f979ae&X-Amz-SignedHeaders=host&response-content-type=application%2Foctet-stream&x-id=GetObject
125589,https://prod-mv-user-files-upload.s3.eu-central-1.amazonaws.com/54a94f5f-1d3d-4449-ae0c-8d917f112ebc/Spiegelhalter_Blinker_Rechts.stp?X-Amz-Algorithm=AWS4-HMAC-SHA256&X-Amz-Content-Sha256=UNSIGNED-PAYLOAD&X-Amz-Credential=AKIA3OVMNCEIG5ZSNPGG%2F20250504%2Feu-central-1%2Fs3%2Faws4_request&X-Amz-Date=20250504T123114Z&X-Amz-Expires=604800&X-Amz-Signature=ab587b40365924258dbc19c7a7e203948651ae27df2d4a80283b4c4c3a602847&X-Amz-SignedHeaders=host&response-content-type=application%2Foctet-stream&x-id=GetObject
125700,https://prod-mv-user-files-upload.s3.eu-central-1.amazonaws.com/e3c095d1-7572-4182-8423-abf575155295/Spiegel_rechts_V2.stp?X-Amz-Algorithm=AWS4-HMAC-SHA256&X-Amz-Content-Sha256=UNSIGNED-PAYLOAD&X-Amz-Credential=AKIA3OVMNCEIG5ZSNPGG%2F20250504%2Feu-central-1%2Fs3%2Faws4_request&X-Amz-Date=20250504T123114Z&X-Amz-Expires=604800&X-Amz-Signature=1785594d13ec63770011b834af1737e541f00bb2c7086e60dc04f71fd62bcc30&X-Amz-SignedHeaders=host&response-content-type=application%2Foctet-stream&x-id=GetObject
125701,https://prod-mv-user-files-upload.s3.eu-central-1.amazonaws.com/357f0140-e9c5-4005-9b23-76e9c542228c/Spiegelhalter_Blinker_Links.stp?X-Amz-Algorithm=AWS4-HMAC-SHA256&X-Amz-Content-Sha256=UNSIGNED-PAYLOAD&X-Amz-Credential=AKIA3OVMNCEIG5ZSNPGG%2F20250504%2Feu-central-1%2Fs3%2Faws4_request&X-Amz-Date=20250504T123114Z&X-Amz-Expires=604800&X-Amz-Signature=6ffd47a1303b2aac25261840c15afbc99dd3366e659ec673f192317829f979ae&X-Amz-SignedHeaders=host&response-content-type=application%2Foctet-stream&x-id=GetObject
125702,https://prod-mv-user-files-upload.s3.eu-central-1.amazonaws.com/54a94f5f-1d3d-4449-ae0c-8d917f112ebc/Spiegelhalter_Blinker_Rechts.stp?X-Amz-Algorithm=AWS4-HMAC-SHA256&X-Amz-Content-Sha256=UNSIGNED-PAYLOAD&X-Amz-Credential=AKIA3OVMNCEIG5ZSNPGG%2F20250504%2Feu-central-1%2Fs3%2Faws4_request&X-Amz-Date=20250504T123114Z&X-Amz-Expires=604800&X-Amz-Signature=ab587b40365924258dbc19c7a7e203948651ae27df2d4a80283b4c4c3a602847&X-Amz-SignedHeaders=host&response-content-type=application%2Foctet-stream&x-id=GetObject
125771,https://prod-mv-user-files-upload.s3.eu-central-1.amazonaws.com/20821e35-a117-4bd8-96de-0c9f377eb55e/lenker_halter_1.stp?X-Amz-Algorithm=AWS4-HMAC-SHA256&X-Amz-Content-Sha256=UNSIGNED-PAYLOAD&X-Amz-Credential=AKIA3OVMNCEIG5ZSNPGG%2F20250504%2Feu-central-1%2Fs3%2Faws4_request&X-Amz-Date=20250504T123620Z&X-Amz-Expires=604800&X-Amz-Signature=87cb669a1bac6258348704738b190ac143078c1ff9a589244d04c1890b2cea8a&X-Amz-SignedHeaders=host&response-content-type=application%2Foctet-stream&x-id=GetObject
125772,https://prod-mv-user-files-upload.s3.eu-central-1.amazonaws.com/01ebc9a7-0e4a-4fcd-a5de-43fb203325be/lenker_halter_2.stp?X-Amz-Algorithm=AWS4-HMAC-SHA256&X-Amz-Content-Sha256=UNSIGNED-PAYLOAD&X-Amz-Credential=AKIA3OVMNCEIG5ZSNPGG%2F20250504%2Feu-central-1%2Fs3%2Faws4_request&X-Amz-Date=20250504T123620Z&X-Amz-Expires=604800&X-Amz-Signature=bd0421f1ac0143bbb9ef62ca1b19da6365b437e7d2c1a1311769b4a6583542c8&X-Amz-SignedHeaders=host&response-content-type=application%2Foctet-stream&x-id=GetObject
125773,https://prod-mv-user-files-upload.s3.eu-central-1.amazonaws.com/a8a71117-56e3-40de-a676-753db065ad34/lenker_halter_3.stp?X-Amz-Algorithm=AWS4-HMAC-SHA256&X-Amz-Content-Sha256=UNSIGNED-PAYLOAD&X-Amz-Credential=AKIA3OVMNCEIG5ZSNPGG%2F20250504%2Feu-central-1%2Fs3%2Faws4_request&X-Amz-Date=20250504T123620Z&X-Amz-Expires=604800&X-Amz-Signature=5f84800d35789322de18b97a208dd216ea0118dc2ab6d563fd69fc8e16bd233d&X-Amz-SignedHeaders=host&response-content-type=application%2Foctet-stream&x-id=GetObject
125774,https://prod-mv-user-files-upload.s3.eu-central-1.amazonaws.com/41d88e3b-d05a-4e92-8d86-1cacf7a2ea57/Spiegel_Links_V2.stp?X-Amz-Algorithm=AWS4-HMAC-SHA256&X-Amz-Content-Sha256=UNSIGNED-PAYLOAD&X-Amz-Credential=AKIA3OVMNCEIG5ZSNPGG%2F20250504%2Feu-central-1%2Fs3%2Faws4_request&X-Amz-Date=20250504T123620Z&X-Amz-Expires=604800&X-Amz-Signature=4e5f6d7f4b0404cd3ee9d10414f2e68d885735ec8933ca068576e8e520347f5d&X-Amz-SignedHeaders=host&response-content-type=application%2Foctet-stream&x-id=GetObject
125775,https://prod-mv-user-files-upload.s3.eu-central-1.amazonaws.com/abe11ad3-6bf5-43e0-8f27-6d1713010ffc/Spiegel_rechts_V2.stp?X-Amz-Algorithm=AWS4-HMAC-SHA256&X-Amz-Content-Sha256=UNSIGNED-PAYLOAD&X-Amz-Credential=AKIA3OVMNCEIG5ZSNPGG%2F20250504%2Feu-central-1%2Fs3%2Faws4_request&X-Amz-Date=20250504T123620Z&X-Amz-Expires=604800&X-Amz-Signature=324925437abdf199796f16b533acd6a85dd02c436844b141672e3b84d67f72ee&X-Amz-SignedHeaders=host&response-content-type=application%2Foctet-stream&x-id=GetObject
125776,https://prod-mv-user-files-upload.s3.eu-central-1.amazonaws.com/86f14ada-9964-4163-aacd-fcaab1da9e03/Spiegelhalter_Blinker_Links.stp?X-Amz-Algorithm=AWS4-HMAC-SHA256&X-Amz-Content-Sha256=UNSIGNED-PAYLOAD&X-Amz-Credential=AKIA3OVMNCEIG5ZSNPGG%2F20250504%2Feu-central-1%2Fs3%2Faws4_request&X-Amz-Date=20250504T123620Z&X-Amz-Expires=604800&X-Amz-Signature=e2e267ade6712321ac7d2752908be569f9cac3ad3750437d0de32fca78496cb7&X-Amz-SignedHeaders=host&response-content-type=application%2Foctet-stream&x-id=GetObject
125777,https://prod-mv-user-files-upload.s3.eu-central-1.amazonaws.com/cd85175d-bfd3-4be9-8073-9cae9e5744aa/Spiegelhalter_Blinker_Rechts.stp?X-Amz-Algorithm=AWS4-HMAC-SHA256&X-Amz-Content-Sha256=UNSIGNED-PAYLOAD&X-Amz-Credential=AKIA3OVMNCEIG5ZSNPGG%2F20250504%2Feu-central-1%2Fs3%2Faws4_request&X-Amz-Date=20250504T123620Z&X-Amz-Expires=604800&X-Amz-Signature=3be7c8b961f27a738580b41cc2b57e0b55f28bf8695da484eb2c72902413d089&X-Amz-SignedHeaders=host&response-content-type=application%2Foctet-stream&x-id=GetObject
125778,https://prod-mv-user-files-upload.s3.eu-central-1.amazonaws.com/65c1011b-7e70-4a14-8fbe-37e148c23ed5/v4.STEP?X-Amz-Algorithm=AWS4-HMAC-SHA256&X-Amz-Content-Sha256=UNSIGNED-PAYLOAD&X-Amz-Credential=AKIA3OVMNCEIG5ZSNPGG%2F20250502%2Feu-central-1%2Fs3%2Faws4_request&X-Amz-Date=20250502T124859Z&X-Amz-Expires=604800&X-Amz-Signature=8186d860971bcb89689b4d10f0df75ccb1b6f2d240654bdc6c9052a8db272e76&X-Amz-SignedHeaders=host&response-content-type=application%2Foctet-stream&x-id=GetObject
125779,https://prod-mv-user-files-upload.s3.eu-central-1.amazonaws.com/a1351186-7995-496a-b0cc-30ab84e500e0/Mirrorv4.STEP?X-Amz-Algorithm=AWS4-HMAC-SHA256&X-Amz-Content-Sha256=UNSIGNED-PAYLOAD&X-Amz-Credential=AKIA3OVMNCEIG5ZSNPGG%2F20250502%2Feu-central-1%2Fs3%2Faws4_request&X-Amz-Date=20250502T124859Z&X-Amz-Expires=604800&X-Amz-Signature=ede037b6ab510f9aee113ea78e3b79d03154a7f3e157d678cb9a42155eda3ad1&X-Amz-SignedHeaders=host&response-content-type=application%2Foctet-stream&x-id=GetObject
125636,https://prod-mv-user-files-upload.s3.eu-central-1.amazonaws.com/c5a59a50-155f-4cff-a27b-bbb5c8647ed8/E1A4232883_A_spacer_ring.stp?X-Amz-Algorithm=AWS4-HMAC-SHA256&X-Amz-Content-Sha256=UNSIGNED-PAYLOAD&X-Amz-Credential=AKIA3OVMNCEIG5ZSNPGG%2F20250430%2Feu-central-1%2Fs3%2Faws4_request&X-Amz-Date=20250430T173833Z&X-Amz-Expires=604800&X-Amz-Signature=f7f6a773ce3b72d36cb48da6cfeb0844f44c8fda433a23ca1cf57c3a57b9a6e7&X-Amz-SignedHeaders=host&response-content-type=application%2Foctet-stream&x-id=GetObject
125640,https://prod-mv-user-files-upload.s3.eu-central-1.amazonaws.com/03e796bb-48be-4c16-8f03-4b708a7cc98a/E1A4402405_A_support_bracket.stp?X-Amz-Algorithm=AWS4-HMAC-SHA256&X-Amz-Content-Sha256=UNSIGNED-PAYLOAD&X-Amz-Credential=AKIA3OVMNCEIG5ZSNPGG%2F20250430%2Feu-central-1%2Fs3%2Faws4_request&X-Amz-Date=20250430T173833Z&X-Amz-Expires=604800&X-Amz-Signature=ae185d49132542d5faa36a5bbde1c19b9216188132e554f849e913e238e59c32&X-Amz-SignedHeaders=host&response-content-type=application%2Foctet-stream&x-id=GetObject
125635,https://prod-mv-user-files-upload.s3.eu-central-1.amazonaws.com/d59ca468-9547-44f3-89b7-a4be4fdcdf0f/E1A4172601_A_alignment.stp?X-Amz-Algorithm=AWS4-HMAC-SHA256&X-Amz-Content-Sha256=UNSIGNED-PAYLOAD&X-Amz-Credential=AKIA3OVMNCEIG5ZSNPGG%2F20250430%2Feu-central-1%2Fs3%2Faws4_request&X-Amz-Date=20250430T173833Z&X-Amz-Expires=604800&X-Amz-Signature=32e6068865d3edf78a409879d8113932f8999ed9e9f3668c44d984e1e4dae776&X-Amz-SignedHeaders=host&response-content-type=application%2Foctet-stream&x-id=GetObject
125637,https://prod-mv-user-files-upload.s3.eu-central-1.amazonaws.com/1db57c3a-6f9d-4f81-9b6c-d7fb77e083e4/E1A4229971_A_shim.stp?X-Amz-Algorithm=AWS4-HMAC-SHA256&X-Amz-Content-Sha256=UNSIGNED-PAYLOAD&X-Amz-Credential=AKIA3OVMNCEIG5ZSNPGG%2F20250430%2Feu-central-1%2Fs3%2Faws4_request&X-Amz-Date=20250430T173833Z&X-Amz-Expires=604800&X-Amz-Signature=0acce1908a37d5ead2e63255e8de7e2727453b3991a38e6e11ee11d5f3422c8a&X-Amz-SignedHeaders=host&response-content-type=application%2Foctet-stream&x-id=GetObject
125638,https://prod-mv-user-files-upload.s3.eu-central-1.amazonaws.com/0ba055da-e07d-46d9-bf23-31cef308abd0/E1A4229020_A_protector.stp?X-Amz-Algorithm=AWS4-HMAC-SHA256&X-Amz-Content-Sha256=UNSIGNED-PAYLOAD&X-Amz-Credential=AKIA3OVMNCEIG5ZSNPGG%2F20250430%2Feu-central-1%2Fs3%2Faws4_request&X-Amz-Date=20250430T173833Z&X-Amz-Expires=604800&X-Amz-Signature=09df797eb63fee249cdc5c135e92cb0a6db06cfea3d1d9ce247c4f4972599daf&X-Amz-SignedHeaders=host&response-content-type=application%2Foctet-stream&x-id=GetObject
125639,https://prod-mv-user-files-upload.s3.eu-central-1.amazonaws.com/aada3cba-6f5a-493e-83bd-1951c39ded26/E1A4372403_A_position_measurement.stp?X-Amz-Algorithm=AWS4-HMAC-SHA256&X-Amz-Content-Sha256=UNSIGNED-PAYLOAD&X-Amz-Credential=AKIA3OVMNCEIG5ZSNPGG%2F20250430%2Feu-central-1%2Fs3%2Faws4_request&X-Amz-Date=20250430T173833Z&X-Amz-Expires=604800&X-Amz-Signature=701d08d58b31c7d423fe1f27f222a2a7b4ed14ae12c0fbb18741b04f1c0d52f2&X-Amz-SignedHeaders=host&response-content-type=application%2Foctet-stream&x-id=GetObject
125641,https://prod-mv-user-files-upload.s3.eu-central-1.amazonaws.com/66f1db62-a902-437b-a030-8407b3b8fdf6/E1A4172600_A_alignment.stp?X-Amz-Algorithm=AWS4-HMAC-SHA256&X-Amz-Content-Sha256=UNSIGNED-PAYLOAD&X-Amz-Credential=AKIA3OVMNCEIG5ZSNPGG%2F20250430%2Feu-central-1%2Fs3%2Faws4_request&X-Amz-Date=20250430T173833Z&X-Amz-Expires=604800&X-Amz-Signature=2c5e98f196b480a9a766f93844c007754be15dcf0180e20347ec215888530990&X-Amz-SignedHeaders=host&response-content-type=application%2Foctet-stream&x-id=GetObject
125642,https://prod-mv-user-files-upload.s3.eu-central-1.amazonaws.com/b44e961d-989b-4278-aada-fd3fd6274396/E1A4121663_A_alignment.stp?X-Amz-Algorithm=AWS4-HMAC-SHA256&X-Amz-Content-Sha256=UNSIGNED-PAYLOAD&X-Amz-Credential=AKIA3OVMNCEIG5ZSNPGG%2F20250430%2Feu-central-1%2Fs3%2Faws4_request&X-Amz-Date=20250430T173833Z&X-Amz-Expires=604800&X-Amz-Signature=0979a0d80f398fc1e97d5cd5cdac7c67398b09dd0430922711692ed4a8da0c1e&X-Amz-SignedHeaders=host&response-content-type=application%2Foctet-stream&x-id=GetObject
125643,https://prod-mv-user-files-upload.s3.eu-central-1.amazonaws.com/5868f483-537f-4812-9d18-d1b8a6223c09/E1A4229017_A_protector.stp?X-Amz-Algorithm=AWS4-HMAC-SHA256&X-Amz-Content-Sha256=UNSIGNED-PAYLOAD&X-Amz-Credential=AKIA3OVMNCEIG5ZSNPGG%2F20250430%2Feu-central-1%2Fs3%2Faws4_request&X-Amz-Date=20250430T173833Z&X-Amz-Expires=604800&X-Amz-Signature=1514303310375c0b87bc75e7e8354478c607c87e3b707ba62e4bcf18e6877140&X-Amz-SignedHeaders=host&response-content-type=application%2Foctet-stream&x-id=GetObject
125662,https://prod-mv-user-files-upload.s3.eu-central-1.amazonaws.com/4087b88e-895c-42ab-86fb-9c0d87dbb41c/SLC_D0071.STEP?X-Amz-Algorithm=AWS4-HMAC-SHA256&X-Amz-Content-Sha256=UNSIGNED-PAYLOAD&X-Amz-Credential=AKIA3OVMNCEIG5ZSNPGG%2F20250502%2Feu-central-1%2Fs3%2Faws4_request&X-Amz-Date=20250502T073557Z&X-Amz-Expires=604800&X-Amz-Signature=66d10cc8af7de38520d4d3964634b3235702c18cd6bed32cca9333b1d6683582&X-Amz-SignedHeaders=host&response-content-type=application%2Foctet-stream&x-id=GetObject
125663,https://prod-mv-user-files-upload.s3.eu-central-1.amazonaws.com/878506da-f5bb-4b0d-8a7b-20b7dab57ff5/SLC_D0072_5mm.STEP?X-Amz-Algorithm=AWS4-HMAC-SHA256&X-Amz-Content-Sha256=UNSIGNED-PAYLOAD&X-Amz-Credential=AKIA3OVMNCEIG5ZSNPGG%2F20250502%2Feu-central-1%2Fs3%2Faws4_request&X-Amz-Date=20250502T073557Z&X-Amz-Expires=604800&X-Amz-Signature=a8fe7cc755859714e7afb718b2efb76f8a6f3bda51d02b7a091eb0f29c9a1a54&X-Amz-SignedHeaders=host&response-content-type=application%2Foctet-stream&x-id=GetObject
125664,https://prod-mv-user-files-upload.s3.eu-central-1.amazonaws.com/71435038-77c2-486e-8eea-9b6b60cef6a0/SLC_D0072_10mm.STEP?X-Amz-Algorithm=AWS4-HMAC-SHA256&X-Amz-Content-Sha256=UNSIGNED-PAYLOAD&X-Amz-Credential=AKIA3OVMNCEIG5ZSNPGG%2F20250502%2Feu-central-1%2Fs3%2Faws4_request&X-Amz-Date=20250502T073557Z&X-Amz-Expires=604800&X-Amz-Signature=cbac3fb656301b0280f817293b2e1c2ddbe741cc562165b3cedf8570c3dc63e6&X-Amz-SignedHeaders=host&response-content-type=application%2Foctet-stream&x-id=GetObject
125678,https://prod-mv-user-files-upload.s3.eu-central-1.amazonaws.com/878506da-f5bb-4b0d-8a7b-20b7dab57ff5/SLC_D0072_5mm.STEP?X-Amz-Algorithm=AWS4-HMAC-SHA256&X-Amz-Content-Sha256=UNSIGNED-PAYLOAD&X-Amz-Credential=AKIA3OVMNCEIG5ZSNPGG%2F20250502%2Feu-central-1%2Fs3%2Faws4_request&X-Amz-Date=20250502T073557Z&X-Amz-Expires=604800&X-Amz-Signature=a8fe7cc755859714e7afb718b2efb76f8a6f3bda51d02b7a091eb0f29c9a1a54&X-Amz-SignedHeaders=host&response-content-type=application%2Foctet-stream&x-id=GetObject
125679,https://prod-mv-user-files-upload.s3.eu-central-1.amazonaws.com/71435038-77c2-486e-8eea-9b6b60cef6a0/SLC_D0072_10mm.STEP?X-Amz-Algorithm=AWS4-HMAC-SHA256&X-Amz-Content-Sha256=UNSIGNED-PAYLOAD&X-Amz-Credential=AKIA3OVMNCEIG5ZSNPGG%2F20250502%2Feu-central-1%2Fs3%2Faws4_request&X-Amz-Date=20250502T073557Z&X-Amz-Expires=604800&X-Amz-Signature=cbac3fb656301b0280f817293b2e1c2ddbe741cc562165b3cedf8570c3dc63e6&X-Amz-SignedHeaders=host&response-content-type=application%2Foctet-stream&x-id=GetObject
125713,https://prod-mv-user-files-upload.s3.eu-central-1.amazonaws.com/11911a81-8b1e-40ed-b530-0cb58d975dd2/TRU_Pebble_Anklet.step?X-Amz-Algorithm=AWS4-HMAC-SHA256&X-Amz-Content-Sha256=UNSIGNED-PAYLOAD&X-Amz-Credential=AKIA3OVMNCEIG5ZSNPGG%2F20250503%2Feu-central-1%2Fs3%2Faws4_request&X-Amz-Date=20250503T125538Z&X-Amz-Expires=604800&X-Amz-Signature=07f7b60905418b674ea263c16a07855dc9fad0a5d5e88c1ee57ae8c120e3fe82&X-Amz-SignedHeaders=host&response-content-type=application%2Foctet-stream&x-id=GetObject
125622,https://prod-mv-user-files-upload.s3.eu-central-1.amazonaws.com/a68baf4a-e17a-4fd8-83d4-8cec6091b393/FT_GS_2025_0021_0001.stp?X-Amz-Algorithm=AWS4-HMAC-SHA256&X-Amz-Content-Sha256=UNSIGNED-PAYLOAD&X-Amz-Credential=AKIA3OVMNCEIG5ZSNPGG%2F20250505%2Feu-central-1%2Fs3%2Faws4_request&X-Amz-Date=20250505T075217Z&X-Amz-Expires=604800&X-Amz-Signature=71ea2aa38a78d57de04b08273038b882d37c9c5402c92b3e72353a4382ad9478&X-Amz-SignedHeaders=host&response-content-type=application%2Foctet-stream&x-id=GetObject
125623,https://prod-mv-user-files-upload.s3.eu-central-1.amazonaws.com/4668d0f6-46c0-45b6-b706-a686aefa7123/FT_GS_2025_0021_0002.stp?X-Amz-Algorithm=AWS4-HMAC-SHA256&X-Amz-Content-Sha256=UNSIGNED-PAYLOAD&X-Amz-Credential=AKIA3OVMNCEIG5ZSNPGG%2F20250505%2Feu-central-1%2Fs3%2Faws4_request&X-Amz-Date=20250505T075217Z&X-Amz-Expires=604800&X-Amz-Signature=baed30c69dd977ef2a8ee38ef1d245baa0bc3ba3ef00739da952f2bdb7826df0&X-Amz-SignedHeaders=host&response-content-type=application%2Foctet-stream&x-id=GetObject
125624,https://prod-mv-user-files-upload.s3.eu-central-1.amazonaws.com/527a0050-cac2-4aa2-bf46-afcfe4e728ed/FT_GS_2025_0021_0003.stp?X-Amz-Algorithm=AWS4-HMAC-SHA256&X-Amz-Content-Sha256=UNSIGNED-PAYLOAD&X-Amz-Credential=AKIA3OVMNCEIG5ZSNPGG%2F20250505%2Feu-central-1%2Fs3%2Faws4_request&X-Amz-Date=20250505T075217Z&X-Amz-Expires=604800&X-Amz-Signature=982e80a58020b6eb0ec85653b61b2300637e8519f80254b25e7222ef9018b0b0&X-Amz-SignedHeaders=host&response-content-type=application%2Foctet-stream&x-id=GetObject
125625,https://prod-mv-user-files-upload.s3.eu-central-1.amazonaws.com/090bbec7-85dd-4d34-8ed1-0972838a6691/FT_GS_2025_0021_0004.stp?X-Amz-Algorithm=AWS4-HMAC-SHA256&X-Amz-Content-Sha256=UNSIGNED-PAYLOAD&X-Amz-Credential=AKIA3OVMNCEIG5ZSNPGG%2F20250505%2Feu-central-1%2Fs3%2Faws4_request&X-Amz-Date=20250505T075217Z&X-Amz-Expires=604800&X-Amz-Signature=204311ea78a6b49962140e93ee3ce60c88cb39c26868431cc09c91bb7de5bee3&X-Amz-SignedHeaders=host&response-content-type=application%2Foctet-stream&x-id=GetObject
125626,https://prod-mv-user-files-upload.s3.eu-central-1.amazonaws.com/c7305b48-ecfd-44f7-ab4f-67df6702b5a2/FT_GS_2025_0021_0005.stp?X-Amz-Algorithm=AWS4-HMAC-SHA256&X-Amz-Content-Sha256=UNSIGNED-PAYLOAD&X-Amz-Credential=AKIA3OVMNCEIG5ZSNPGG%2F20250505%2Feu-central-1%2Fs3%2Faws4_request&X-Amz-Date=20250505T075217Z&X-Amz-Expires=604800&X-Amz-Signature=91d0639a4e3f8a6458e8e86c3c2922f1863289332069438e2c395c123f940403&X-Amz-SignedHeaders=host&response-content-type=application%2Foctet-stream&x-id=GetObject
125627,https://prod-mv-user-files-upload.s3.eu-central-1.amazonaws.com/33d2a839-5f97-48ab-95e3-2430fc7a9da5/FT_GS_2025_0021_0006.stp?X-Amz-Algorithm=AWS4-HMAC-SHA256&X-Amz-Content-Sha256=UNSIGNED-PAYLOAD&X-Amz-Credential=AKIA3OVMNCEIG5ZSNPGG%2F20250505%2Feu-central-1%2Fs3%2Faws4_request&X-Amz-Date=20250505T075218Z&X-Amz-Expires=604800&X-Amz-Signature=ed5d3f4467b435fa20cb91458bdc91cc2a3ddbe10c9dd4c65b1b132e7e7bbcf7&X-Amz-SignedHeaders=host&response-content-type=application%2Foctet-stream&x-id=GetObject
125628,https://prod-mv-user-files-upload.s3.eu-central-1.amazonaws.com/0782fbf8-880b-4781-8767-0b5d93e14813/FT_GS_2025_0021_0007.stp?X-Amz-Algorithm=AWS4-HMAC-SHA256&X-Amz-Content-Sha256=UNSIGNED-PAYLOAD&X-Amz-Credential=AKIA3OVMNCEIG5ZSNPGG%2F20250505%2Feu-central-1%2Fs3%2Faws4_request&X-Amz-Date=20250505T075218Z&X-Amz-Expires=604800&X-Amz-Signature=ff31c78d94b4630d51b92dabc80d52da2df1d08b001c3d55a93716fe134b8f92&X-Amz-SignedHeaders=host&response-content-type=application%2Foctet-stream&x-id=GetObject
125858,https://prod-mv-user-files-upload.s3.eu-central-1.amazonaws.com/9ef6dd79-40db-4804-b3ff-137721b6d39f/MF_CNC_0721_A.step?X-Amz-Algorithm=AWS4-HMAC-SHA256&X-Amz-Content-Sha256=UNSIGNED-PAYLOAD&X-Amz-Credential=AKIA3OVMNCEIG5ZSNPGG%2F20250429%2Feu-central-1%2Fs3%2Faws4_request&X-Amz-Date=20250429T121924Z&X-Amz-Expires=604800&X-Amz-Signature=1f0d0a88f0c28b0617c3ec27c3a1687206012a92f9e5877a8a62adf1ba3c67a9&X-Amz-SignedHeaders=host&response-content-type=application%2Foctet-stream&x-id=GetObject
125859,https://prod-mv-user-files-upload.s3.eu-central-1.amazonaws.com/026d75c2-66bd-4e45-8e0f-3e2fa9e374aa/MF_CNC_0722_A.step?X-Amz-Algorithm=AWS4-HMAC-SHA256&X-Amz-Content-Sha256=UNSIGNED-PAYLOAD&X-Amz-Credential=AKIA3OVMNCEIG5ZSNPGG%2F20250429%2Feu-central-1%2Fs3%2Faws4_request&X-Amz-Date=20250429T121924Z&X-Amz-Expires=604800&X-Amz-Signature=782709a0264c2e883604707c1b7b1b87c43a91a4d5ebca71b127b9104260f364&X-Amz-SignedHeaders=host&response-content-type=application%2Foctet-stream&x-id=GetObject
125860,https://prod-mv-user-files-upload.s3.eu-central-1.amazonaws.com/cef78f0f-e46e-4010-99db-5f75754fbd7e/MF_CNC_0723_A.step?X-Amz-Algorithm=AWS4-HMAC-SHA256&X-Amz-Content-Sha256=UNSIGNED-PAYLOAD&X-Amz-Credential=AKIA3OVMNCEIG5ZSNPGG%2F20250429%2Feu-central-1%2Fs3%2Faws4_request&X-Amz-Date=20250429T121924Z&X-Amz-Expires=604800&X-Amz-Signature=95531d7f8a63814b9f8deb1ad1f0c5b6e4ab9ae24cc1771ddbeaaa6affefffc7&X-Amz-SignedHeaders=host&response-content-type=application%2Foctet-stream&x-id=GetObject
125861,https://prod-mv-user-files-upload.s3.eu-central-1.amazonaws.com/b07f389f-4c6a-44c7-bc22-04fd71c1c5eb/MF_CNC_0724_A.step?X-Amz-Algorithm=AWS4-HMAC-SHA256&X-Amz-Content-Sha256=UNSIGNED-PAYLOAD&X-Amz-Credential=AKIA3OVMNCEIG5ZSNPGG%2F20250429%2Feu-central-1%2Fs3%2Faws4_request&X-Amz-Date=20250429T121924Z&X-Amz-Expires=604800&X-Amz-Signature=346b64555d21e1fb3edb096e7ab57bb47fe7d2e5914f8b5d7eb5dda7e1fc59b1&X-Amz-SignedHeaders=host&response-content-type=application%2Foctet-stream&x-id=GetObject
125862,https://prod-mv-user-files-upload.s3.eu-central-1.amazonaws.com/7ef7cf75-a383-44f3-894f-5fa10040ddc0/MF_CNC_0725_A.step?X-Amz-Algorithm=AWS4-HMAC-SHA256&X-Amz-Content-Sha256=UNSIGNED-PAYLOAD&X-Amz-Credential=AKIA3OVMNCEIG5ZSNPGG%2F20250429%2Feu-central-1%2Fs3%2Faws4_request&X-Amz-Date=20250429T121924Z&X-Amz-Expires=604800&X-Amz-Signature=bd9dd0fb7aae3f09da6368d73f79ff9210319d8f6c2c29c393db73a88a255988&X-Amz-SignedHeaders=host&response-content-type=application%2Foctet-stream&x-id=GetObject
125863,https://prod-mv-user-files-upload.s3.eu-central-1.amazonaws.com/fc87243f-34a9-420d-b27a-8aacdb0c59f9/MF_CNC_0726_A.step?X-Amz-Algorithm=AWS4-HMAC-SHA256&X-Amz-Content-Sha256=UNSIGNED-PAYLOAD&X-Amz-Credential=AKIA3OVMNCEIG5ZSNPGG%2F20250429%2Feu-central-1%2Fs3%2Faws4_request&X-Amz-Date=20250429T121924Z&X-Amz-Expires=604800&X-Amz-Signature=c68ef86e44ae916ef0c3acdc5f835dd345ec0e6b4bc6da64a90dacc5c7081f4a&X-Amz-SignedHeaders=host&response-content-type=application%2Foctet-stream&x-id=GetObject
